-- phpMyAdmin SQL Dump
-- version 4.9.5
-- https://www.phpmyadmin.net/
--
-- Servidor: localhost:3306
-- Tiempo de generación: 08-12-2020 a las 21:04:10
-- Versión del servidor: 5.6.50-cll-lve
-- Versión de PHP: 7.3.6

SET SQL_MODE = "NO_AUTO_VALUE_ON_ZERO";
SET AUTOCOMMIT = 0;
START TRANSACTION;
SET time_zone = "+00:00";


/*!40101 SET @OLD_CHARACTER_SET_CLIENT=@@CHARACTER_SET_CLIENT */;
/*!40101 SET @OLD_CHARACTER_SET_RESULTS=@@CHARACTER_SET_RESULTS */;
/*!40101 SET @OLD_COLLATION_CONNECTION=@@COLLATION_CONNECTION */;
/*!40101 SET NAMES utf8mb4 */;

--
-- Base de datos: `escompe_master`
--
CREATE DATABASE IF NOT EXISTS `escompe_master` DEFAULT CHARACTER SET latin1 COLLATE latin1_swedish_ci;
USE `escompe_master`;

-- --------------------------------------------------------

--
-- Estructura de tabla para la tabla `categoria`
--

CREATE TABLE `categoria` (
  `CATCODIGO` int(11) NOT NULL COMMENT 'CÓDIGO DE LA CATEGORÍA',
  `CATNOMBRE` varchar(30) NOT NULL COMMENT 'NOMBRE DE LA CATEGORÍA',
  `CATIMAGEN` text NOT NULL COMMENT 'IMAGEN DE LA CATEGORIA',
  `CATICONO` text NOT NULL COMMENT 'ICONO DE LA CATEGORIA'
) ENGINE=MyISAM DEFAULT CHARSET=utf8;

--
-- Volcado de datos para la tabla `categoria`
--

INSERT INTO `categoria` (`CATCODIGO`, `CATNOMBRE`, `CATIMAGEN`, `CATICONO`) VALUES
(1, 'Protección Anticaída', 'anticaida.png', 'p-anticaida.png'),
(2, 'Protección Auditiva', 'auditiva.png', 'p-auditiva.png'),
(3, 'Protección Cabeza', 'cabeza.png', 'p-cabeza.png'),
(4, 'Protección Manos', 'manos.png', 'p-manos.png'),
(5, 'Protección Respiratoria', 'respiratoria.png', 'p-respiratoria.png'),
(6, 'Protección Visual', 'visual.png', 'p-visual.png'),
(7, 'Ropa Impermeable', 'impermeable.png', 'p-impermeable.png'),
(8, 'Ropa Descartable', 'descartable.png', 'p-descartable.png'),
(9, 'Protección Pies', 'pies.png', 'p-pies.png'),
(10, 'Protección Corporal', 'corporal.png', 'p-corporal.png'),
(11, 'Señalización', 'señalizacion.png', 'p-señalizacion.png'),
(12, 'Otros Equipos de Protección', 'otros.png', 'p-otros.png');

-- --------------------------------------------------------

--
-- Estructura de tabla para la tabla `componente1-presentacion`
--

CREATE TABLE `componente1-presentacion` (
  `C1CODIGO` int(11) NOT NULL COMMENT 'CODIGO DEL COMPONENTE 1',
  `C1TITULO` varchar(100) NOT NULL COMMENT 'TITULO DEL COMPONENTE 1',
  `C1SUBTITULO` varchar(100) DEFAULT NULL COMMENT 'SUBTITULO DEL COMPONENTE 1',
  `C1DESCRIPCION` text NOT NULL COMMENT 'DESCRIPCION DEL COMPONENTE 1',
  `C1IMAGEN` text COMMENT 'IMAGEN DEL COMPONENTE 1',
  `C1DESTACAMOS` text COMMENT 'DESTACAMOS DEL COMPONENTE 1',
  `C1CARACTERISTICA1` text COMMENT 'CARACTERISTICA 1 DEL COMPONENTE 1',
  `C1CARACTERISTICA2` text COMMENT 'CARACTERISTICA 2 DEL COMPONENTE 1',
  `C1CARACTERISTICA3` text COMMENT 'CARACTERISTICA 3 DEL COMPONENTE 1',
  `C1CARACTERISTICA4` text COMMENT 'CARACTERISTICA 4 DEL COMPONENTE 1',
  `C1CARACTERISTICA5` text COMMENT 'CARACTERISTICA 5 DEL COMPONENTE 1',
  `C1CARACTERISTICA6` text COMMENT 'CARACTERISTICA 6 DEL COMPONENTE 1'
) ENGINE=InnoDB DEFAULT CHARSET=utf8 COMMENT='COMPONENTE 1 DEL INDEX DE LA PAGINA';

--
-- Volcado de datos para la tabla `componente1-presentacion`
--

INSERT INTO `componente1-presentacion` (`C1CODIGO`, `C1TITULO`, `C1SUBTITULO`, `C1DESCRIPCION`, `C1IMAGEN`, `C1DESTACAMOS`, `C1CARACTERISTICA1`, `C1CARACTERISTICA2`, `C1CARACTERISTICA3`, `C1CARACTERISTICA4`, `C1CARACTERISTICA5`, `C1CARACTERISTICA6`) VALUES
(1, 'EXPERIENCIA, SEGURIDAD Y GARANTÍA', 'Calidad al alcance de todos', 'Somos una empresa importadora, comercializadora y exportadora de equipos de proteccion personal (epp\'s) enfocada en brindar un buen nivel de servicio. Nuestros productos aseguran calidad, seguridad y confiabilidad. Todo lo que el cliente necesita para llegar seguro a casa.', 'ES-FrontEnd/Elementos/Imagenes/Componentes/ES-Banner1.png', 'SIN DESCRIPCION', 'Todas nuestros productos son de alta calidad', 'Toda venta es importante para nosotros', 'La mejor selección de marcas para nuestros clientes', 'Nuestros clientes nos respaldan y prefieren', 'Proceso rápido y seguro recomendado por quienes nos eligen', 'Los mejores EPPS en un solo lugar');

-- --------------------------------------------------------

--
-- Estructura de tabla para la tabla `componente2-adicional`
--

CREATE TABLE `componente2-adicional` (
  `C2CODIGO` int(11) NOT NULL COMMENT 'CODIGO DEL COMPONENTE',
  `C2TITULO` varchar(100) NOT NULL COMMENT 'TITULO DEL COMPONENTE 2',
  `C2DESCRIPCION` text NOT NULL COMMENT 'DESCRIPCION DEL COMPONENTE',
  `C2IMAGEN1` text COMMENT 'IMAGEN 1 DEL COMPONENTE ',
  `C2IMAGEN2` text COMMENT 'IMAGEN 2 DEL COMPONENTE',
  `C2T1TITULO` text NOT NULL COMMENT 'TITULO DEL TEXTO 1',
  `C2T1DESCRIPCION` text COMMENT 'DESCRIPCION DEL TEXTO 1',
  `C2T2TITULO` text COMMENT 'TITULO DEL TEXTO 2',
  `C2T2DESCRIPCION` text COMMENT 'DESCRIPCION DEL TEXTO 2',
  `C2T3TITULO` text COMMENT 'TITULO DEL TEXTO 3',
  `C2T3DESCRIPCION` text COMMENT 'DESCRIPCION DEL TEXTO 3'
) ENGINE=InnoDB DEFAULT CHARSET=utf8 COMMENT='COMPONENTE 2 DEL INDEX DE LA PAGINA';

--
-- Volcado de datos para la tabla `componente2-adicional`
--

INSERT INTO `componente2-adicional` (`C2CODIGO`, `C2TITULO`, `C2DESCRIPCION`, `C2IMAGEN1`, `C2IMAGEN2`, `C2T1TITULO`, `C2T1DESCRIPCION`, `C2T2TITULO`, `C2T2DESCRIPCION`, `C2T3TITULO`, `C2T3DESCRIPCION`) VALUES
(1, 'Los mejores EPPS en un solo lugar', 'Protección anticaída, cabeza, manos, pies y más...', 'ES-FrontEnd/Elementos/Imagenes/Componentes/proteccion-puesto-de-trabajo.jpg', 'ES-FrontEnd/Elementos/Imagenes/Componentes/banner2.jpg', '✔ EPPS DE CALIDAD', 'Protección anticaída, cabeza, manos, pies y más...', 'SIN DESCRIPCION', 'SIN DESCRIPCION', 'SIN DESCRIPCION', 'SIN DESCRIPCION');

-- --------------------------------------------------------

--
-- Estructura de tabla para la tabla `componentes`
--

CREATE TABLE `componentes` (
  `COMPCODIGO` int(11) NOT NULL COMMENT 'CODIGO DEL COMPONENTE',
  `COMPSLIDER` int(11) NOT NULL COMMENT 'ESTILO DEL SLIDER',
  `COMP1` int(11) NOT NULL COMMENT 'ESTILO DEL COMPONENTE 1',
  `COMP2` int(11) NOT NULL COMMENT 'ESTILO DEL COMPONENTE 2',
  `COMP3` int(11) NOT NULL COMMENT 'ESTILO DEL COMPONENTE 3',
  `COMPDESTACADOS` int(11) NOT NULL COMMENT 'ESTILO DE LOS PRODUCTOS DESTACADOS',
  `COMPCATEGORIAS` int(11) NOT NULL COMMENT 'ESTILO CATEGORIAS DESTACADAS',
  `COMPMARCAS` int(11) NOT NULL COMMENT 'ESTILO MARCAS'
) ENGINE=InnoDB DEFAULT CHARSET=utf8 COMMENT='ESTILOS DE COMPONENTES';

--
-- Volcado de datos para la tabla `componentes`
--

INSERT INTO `componentes` (`COMPCODIGO`, `COMPSLIDER`, `COMP1`, `COMP2`, `COMP3`, `COMPDESTACADOS`, `COMPCATEGORIAS`, `COMPMARCAS`) VALUES
(1, 1, 5, 4, 1, 3, 0, 0);

-- --------------------------------------------------------

--
-- Estructura de tabla para la tabla `configuracion`
--

CREATE TABLE `configuracion` (
  `CONFIGCODIGO` int(11) NOT NULL COMMENT 'CODIGO DE LA CONFIGURACION',
  `CONFIGCARRITO` int(11) NOT NULL COMMENT 'OPCION CARRITO DE COMPRAS',
  `CONFIGCOMPRA` int(11) NOT NULL COMMENT 'OPCION VENTA DE PRODUCTOS'
) ENGINE=InnoDB DEFAULT CHARSET=latin1 COMMENT='CONFIGURACION DE LA PAGINA';

--
-- Volcado de datos para la tabla `configuracion`
--

INSERT INTO `configuracion` (`CONFIGCODIGO`, `CONFIGCARRITO`, `CONFIGCOMPRA`) VALUES
(1, 0, 0);

-- --------------------------------------------------------

--
-- Estructura de tabla para la tabla `contactanos`
--

CREATE TABLE `contactanos` (
  `CONTACCODIGO` int(11) NOT NULL COMMENT 'CÓDIGO DEL REGISTRO DE PETICIÓN DE CONTACTO',
  `CONTACCORREO` varchar(30) NOT NULL COMMENT 'CORREO DE LA ENTIDAD A CONTACTAR',
  `CONTACASUNTO` varchar(50) NOT NULL COMMENT 'NOMBRE DE LA ENTIDAD A CONTACTAR',
  `CONTACMENSAJE` text NOT NULL COMMENT 'MENSAJE DE LA ENTIDAD A CONTACTAR'
) ENGINE=MyISAM DEFAULT CHARSET=utf8;

-- --------------------------------------------------------

--
-- Estructura de tabla para la tabla `informacion`
--

CREATE TABLE `informacion` (
  `INFEMPCODIGO` int(11) NOT NULL COMMENT 'CÓDIGO DE LA INFORMACIÓN DE LA EMPRESA',
  `INFEMPTITULO_PAGINA` varchar(40) NOT NULL COMMENT 'TITULO DE LA PÁGINA',
  `INFEMPICONO` varchar(200) NOT NULL COMMENT 'ÍCONO DE LA PÁGINA',
  `INFEMPLOGO` varchar(200) NOT NULL COMMENT 'LOGO DE LA EMPRESA',
  `INFEMPCORREO` varchar(30) NOT NULL COMMENT 'CORREO DE LA EMPRESA',
  `INFEMPTELEFONO1` varchar(11) NOT NULL COMMENT 'TELÉFONO 1 DE LA EMPRESA',
  `INFEMPTELEFONO2` varchar(11) NOT NULL COMMENT 'TELÉFONO 2 DE LA EMPRESA',
  `INFEMPRED_SOCIAL1` varchar(200) NOT NULL COMMENT 'RED SOCIAL 1 DE LA EMPRESA',
  `INFEMPRED_SOCIAL2` varchar(200) NOT NULL COMMENT 'RED SOCIAL 2 DE LA EMPRESA',
  `INFEMPDOMICILIO` varchar(200) NOT NULL COMMENT 'DOMICILIO DE LA EMPRESA',
  `INFEMPDISTRITO` varchar(30) NOT NULL COMMENT 'DISTRITO DE LA EMPRESA',
  `INFEMPPROVINCIA` varchar(30) NOT NULL COMMENT 'PROVINCIA DE LA EMPRESA',
  `INFEMPPAIS` varchar(30) NOT NULL COMMENT 'PAÍS DE LA EMPRESA',
  `REGCODIGO` int(11) NOT NULL COMMENT 'CÓDIGO DEL REGISTRO DE CAMBIOS'
) ENGINE=MyISAM DEFAULT CHARSET=utf8;

--
-- Volcado de datos para la tabla `informacion`
--

INSERT INTO `informacion` (`INFEMPCODIGO`, `INFEMPTITULO_PAGINA`, `INFEMPICONO`, `INFEMPLOGO`, `INFEMPCORREO`, `INFEMPTELEFONO1`, `INFEMPTELEFONO2`, `INFEMPRED_SOCIAL1`, `INFEMPRED_SOCIAL2`, `INFEMPDOMICILIO`, `INFEMPDISTRITO`, `INFEMPPROVINCIA`, `INFEMPPAIS`, `REGCODIGO`) VALUES
(1, 'Eagles Safety', 'ES-FrontEnd/Elementos/Imagenes/Logo.png', 'ES-FrontEnd/Elementos/Imagenes/Logo.png', 'rmanrique@es.com.pe', '999229937', '923289190', 'https://www.facebook.com/EaglesSafetyEIRL/', 'https://www.linkedin.com/company/eagles-safety-eirl/', 'Calle Los Tornos 259 - Urb Ind Naranjal', 'SMP', 'LIMA', 'PERU', 1);

-- --------------------------------------------------------

--
-- Estructura de tabla para la tabla `marca`
--

CREATE TABLE `marca` (
  `MARCCODIGO` int(11) NOT NULL COMMENT 'CÓDIGO DE LA MARCA',
  `MARCNOMBRE` varchar(50) NOT NULL COMMENT 'NOMBRE DE LA MARCA',
  `MARCIMAGEN` varchar(200) NOT NULL COMMENT 'RUTA DE LA IMAGEN DE LA MARCA'
) ENGINE=MyISAM DEFAULT CHARSET=utf8;

--
-- Volcado de datos para la tabla `marca`
--

INSERT INTO `marca` (`MARCCODIGO`, `MARCNOMBRE`, `MARCIMAGEN`) VALUES
(39, 'PROTECTA', 'ES-FrontEnd/Elementos/Imagenes/Marcas/protecta.png'),
(33, '3M', 'ES-FrontEnd/Elementos/Imagenes/Marcas/marca1.png'),
(42, 'LADECOL', 'ES-FrontEnd/Elementos/Imagenes/Marcas/Ladecol.png'),
(41, 'CLUTE', 'ES-FrontEnd/Elementos/Imagenes/Marcas/Clute.png'),
(40, 'TRIDENTE', 'ES-FrontEnd/Elementos/Imagenes/Marcas/Tridente.png'),
(34, 'EINS', 'ES-FrontEnd/Elementos/Imagenes/Marcas/marca2.png'),
(35, 'HOLZ&STEIN', 'ES-FrontEnd/Elementos/Imagenes/Marcas/marca3.png'),
(36, 'MSA', 'ES-FrontEnd/Elementos/Imagenes/Marcas/marca4.png'),
(37, 'NORTH', 'ES-FrontEnd/Elementos/Imagenes/Marcas/marca5.png'),
(38, 'STEELPRO SAFETY', 'ES-FrontEnd/Elementos/Imagenes/Marcas/marca6.png'),
(43, 'MASTER', 'ES-FrontEnd/Elementos/Imagenes/Marcas/Master.png'),
(44, 'KIMBERLY-CLARK', 'ES-FrontEnd/Elementos/Imagenes/Marcas/Kimberly.png'),
(45, 'ANSELL', 'ES-FrontEnd/Elementos/Imagenes/Marcas/Ansell.png'),
(46, 'BEST', 'ES-FrontEnd/Elementos/Imagenes/Marcas/Best.png'),
(47, 'REGELTEX', 'ES-FrontEnd/Elementos/Imagenes/Marcas/Regeltex.png'),
(48, 'PORTWEST', 'ES-FrontEnd/Elementos/Imagenes/Marcas/Portwest.png'),
(49, 'EAGLES SAFETY', 'ES-FrontEnd/Elementos/Imagenes/Marcas/Eagles.png'),
(50, 'MACROGUARD', 'ES-FrontEnd/Elementos/Imagenes/Marcas/Macroguard.png'),
(51, 'MICROGARD', 'ES-FrontEnd/Elementos/Imagenes/Marcas/Microgard.png'),
(52, 'DUPONT', 'ES-FrontEnd/Elementos/Imagenes/Marcas/Dupont.png'),
(53, 'R&G', 'ES-FrontEnd/Elementos/Imagenes/Marcas/R&G.png');

-- --------------------------------------------------------

--
-- Estructura de tabla para la tabla `nosotros`
--

CREATE TABLE `nosotros` (
  `NOSTCODIGO` int(11) NOT NULL COMMENT 'CÓDIGO DEL REGISTRO DE LA VISTA NOSOTROS',
  `NOSTDESCRIPCION` text NOT NULL COMMENT 'DESCRIPCIÓN DE LA VISTA NOSOTROS',
  `NOSTVISION` text NOT NULL COMMENT 'DESCRIPCIÓN DE LA VISIÓN DE LA EMPRESA',
  `NOSTVISION_IMAGEN` varchar(200) NOT NULL COMMENT 'RUTA DE LA IMAGEN DE LA VISIÓN',
  `NOSTMISION` text NOT NULL COMMENT 'DESCRIPCIÓN DE LA MISIÓN DE LA EMPRESA',
  `NOSTMISION_IMAGEN` varchar(200) NOT NULL COMMENT 'RUTA DE LA IMAGEN DE LA MISIÓN',
  `REGCODIGO` int(11) NOT NULL COMMENT 'CÓDIGO DEL REGISTRO DE CAMBIOS'
) ENGINE=MyISAM DEFAULT CHARSET=utf8;

--
-- Volcado de datos para la tabla `nosotros`
--

INSERT INTO `nosotros` (`NOSTCODIGO`, `NOSTDESCRIPCION`, `NOSTVISION`, `NOSTVISION_IMAGEN`, `NOSTMISION`, `NOSTMISION_IMAGEN`, `REGCODIGO`) VALUES
(1, 'Somos una empresa importadora, comercializadora y exportadora de equipos de proteccion personal (epp\'s) enfocada en brindar un buen nivel de servicio. Nuestros productos aseguran calidad, seguridad y confiabilidad. Todo lo que el cliente necesita para llegar seguro a casa.', 'Convertirnos en una empresa reconocida en su sector por brindar una atención de calidad a sus clientes en la comercialización de equipos de protección, seguridad y afines.', 'ES-FrontEnd/Elementos/Imagenes/Nosotros/Logo.png', 'Proveer equipos de protección personal de calidad que cumplan con los requerimientos de los clientes y brinden un desenvolvimiento seguro de cada usuario en todos los sectores productivos del Perú.', 'ES-FrontEnd/Elementos/Imagenes/Nosotros/Logo.png', 1);

-- --------------------------------------------------------

--
-- Estructura de tabla para la tabla `paleta-colores`
--

CREATE TABLE `paleta-colores` (
  `COLORCODIGO` int(11) NOT NULL,
  `COLORPRIMARY` varchar(20) NOT NULL COMMENT 'COLOR PRIMARIO DE LA PAGINA',
  `COLORSECUNDARY` varchar(20) NOT NULL COMMENT 'COLOR SECUNDARIO DE LA PAGINA',
  `COLORENFASIS1` varchar(20) NOT NULL COMMENT 'COLOR DE ENFASIS 1 DE LA PAGINA',
  `COLORENFASIS2` varchar(20) NOT NULL COMMENT 'COLOR DE ENFASIS 2 DE LA PAGINA',
  `COLORENFASIS3` varchar(20) NOT NULL COMMENT 'COLOR DE ENFASIS 3 DE LA PAGINA',
  `COLORLIGHT1` varchar(20) NOT NULL COMMENT 'COLOR CLARO 1 DE LA PAGINA',
  `COLORLIGHT2` varchar(20) NOT NULL COMMENT 'COLOR CLARO 2 DE LA PAGINA',
  `COLORLIGHT3` varchar(20) NOT NULL COMMENT 'COLOR CLARO 3 DE LA PAGINA'
) ENGINE=InnoDB DEFAULT CHARSET=utf8 COMMENT='PALETA DE COLORES DE LA PAGINA';

--
-- Volcado de datos para la tabla `paleta-colores`
--

INSERT INTO `paleta-colores` (`COLORCODIGO`, `COLORPRIMARY`, `COLORSECUNDARY`, `COLORENFASIS1`, `COLORENFASIS2`, `COLORENFASIS3`, `COLORLIGHT1`, `COLORLIGHT2`, `COLORLIGHT3`) VALUES
(1, '#5EAE27', '#666568', '#00838f', '#006064', '#00e676', '#e8f5e9', '#c8e6c9', '#a5d6a7'),
(2, '#4528af', '#666568', '#00838f', '#006064', '#00e676', '#e8f5e9', '#c8e6c9', '#a5d6a7'),
(3, '#3f6dd9', '#7c758a', '#0571ff', '#295eff', '#00e6d6', '#eaf6f5', '#c7dce6', '#a4b0d5'),
(8, '#ea55ec', '#665764', '#70008f', '#290066', '#a800e6', '#f4eaf6', '#d8c7e6', '#a4a6d5'),
(9, '#3f6dd9', '#7c758a', '#0571ff', '#295eff', '#00e6d6', '#eaf6f5', '#c7dce6', '#a4b0d5'),
(10, '#5eae27', '#666568', '#00838f', '#006064', '#00e676', '#e8f5e9', '#c8e6c9', '#a5d6a7');

-- --------------------------------------------------------

--
-- Estructura de tabla para la tabla `producto`
--

CREATE TABLE `producto` (
  `PRODCODIGO` int(11) NOT NULL COMMENT 'CODIGO DEL PRODUCTO',
  `PRODNOMBRE` text NOT NULL COMMENT 'NOMBRE DEL PRODUCTO',
  `PRODCODIGOES` varchar(20) NOT NULL COMMENT 'CODIGO ESPECIFICO DEL PRODUCTO',
  `PRODIMAGEN` text NOT NULL COMMENT 'IMAGEN DEL PRODUCTO',
  `PRODPRESENTACION` text NOT NULL COMMENT 'PRESENTACION DEL PRODUCTO',
  `CODMARCA` int(11) NOT NULL COMMENT 'CODIGO DE LA MARCA',
  `PRODTAGS` text NOT NULL COMMENT 'TAGS DEL PRODUCTO',
  `PRODDESCRIPCION` longtext NOT NULL COMMENT 'DESCRIPCION DEL PRODUCTO',
  `PRODFICHATEC` text NOT NULL COMMENT 'FICHA TECNICA DEL PRODUCTO',
  `CATCODIGO` int(11) NOT NULL COMMENT 'CATEGORIA DEL PRODUCTO',
  `PRODDESTACADO` int(11) NOT NULL COMMENT 'ES PRODUCTO DESTACADO?'
) ENGINE=InnoDB DEFAULT CHARSET=utf8 COMMENT='PRODUCTOS DE LA PAGINA';

--
-- Volcado de datos para la tabla `producto`
--

INSERT INTO `producto` (`PRODCODIGO`, `PRODNOMBRE`, `PRODCODIGOES`, `PRODIMAGEN`, `PRODPRESENTACION`, `CODMARCA`, `PRODTAGS`, `PRODDESCRIPCION`, `PRODFICHATEC`, `CATCODIGO`, `PRODDESTACADO`) VALUES
(2, 'Arnés 3 anillos PROTECTA', '1161560 ', 'ARNES%203%20ANILLOS%20COD.%201161560%20MARCA%20PROTECTA.jpg', 'El Arnés de recuperación de detención de caídas Protecta™ Comfort. Adquiere un estilo en (H) de 3 argollas, resistente, ergonómico, moderno, sutil, fácil de graduar para brindar mayor comodidad al usuario.<div><br><div><ul><li>1 anillo en D posterior y 2 anillos en D laterales\n</li><li>Correas para piernas con hebilla de paso\n</li><li>Reguladores tipo paracaídas para torso\n</li><li>Estructura resistente, tejido trenzado de poliéster, seguros de eslingas integrados\n</li><li>Indicador de impacto\n</li><li>Etiquetas de control de inspección protegidas\n</li><li>Unidad de Medida: unidad\n</li></ul></div></div>', 39, 'PROTECTA; ANTICAÍDA; ARNES; EPP', '<b>Características</b><div><b><br></b><div><ul><li>Arnés estilo “H”.\n</li><li>Posee 3 argollas en D inspeccionadas y probadas 100% a 16 kN (3600 lb) de alta\n&nbsp;<span style=\"font-size: 1rem;\">resistencia a la tensión de rotura.&nbsp;</span></li><li>Fabricado en reata de 43 mm de ancho.\n</li><li>Reata 100% poliéster de alta resistencia a la tensión y abrasión.\n</li><li>Indicador de impacto integrado en la parte dorsal en las dos tirantas.\n</li><li>Hebillas de ajuste tipo corredera con tambor que permiten la graduación de la reata.\n</li><li>Hebillas de conexión y ajuste a nivel pélvico y pectoral, para ajuste a la talla del\n&nbsp;<span style=\"font-size: 1rem;\">usuario. Resistencia mínima a la rotura 15 kN (3.372 lb) de acuerdo con norma&nbsp;&nbsp;</span><span style=\"font-size: 1rem;\">ANSI Z359.12 – 2009.&nbsp;</span></li><li>Pad posterior para asegurar que la argolla dorsal permanezca en su lugar y que las tirantas\n&nbsp;<span style=\"font-size: 1rem;\">se crucen en la parte dorsal.&nbsp;</span></li><li>Diseñado para suministrar comodidad al usuario: Porta eslinga, tensor dorsal tirantas y\n&nbsp;<span style=\"font-size: 1rem;\">hebillas de conexión y ajuste.&nbsp;</span></li><li>Costura fabricada en hilo poliéster de alta resistencia y de color diferente a la reata para\n&nbsp;<span style=\"font-size: 1rem;\">mayor visibilidad y para facilitar su identificación e inspección.&nbsp;</span></li><li>Funda cubre etiqueta para mantener la información y trazabilidad.\n</li><li>Peso físico: 1.45 kg.\n</li><li>Arnés avalado de acuerdo con norma, elemento por elemento, en conjunto en prueba\n&nbsp;<span style=\"font-size: 1rem;\">dinámica (simulando caída cabeza y caída de pie) y estática de acuerdo con los requisitos&nbsp;</span><span style=\"font-size: 1rem;\">de la norma.</span></li></ul><div><b>Ventajas:\n</b></div></div><div><b><br></b></div><div><ul><li>Argolla dorsal fija, mantiene su posición reduciendo la necesidad de reajustarla en el trabajo\n&nbsp;<span style=\"font-size: 1rem;\">diario.&nbsp;</span></li><li>Porta eslingas con sistema de auto retorno a su forma original para posicionar los ganchos\n&nbsp;<span style=\"font-size: 1rem;\">y carabiner, de fácil y rápido desenganche. Cumplimiento ASI Z359.11&nbsp;</span></li><li>Indicador de impacto que permite identificar de manera sencilla si el arnés ha sido sometido\n&nbsp;<span style=\"font-size: 1rem;\">a cargas y/o impactos.&nbsp;</span></li><li>Protector de etiquetas para asegurar la durabilidad de la información y permite identificar\n&nbsp;<span style=\"font-size: 1rem;\">el equipo con el nombre del usuario</span></li></ul></div></div>', '1. F.T ARNES 3 ANILLOS 1161560 PROTECTA.pdf', 1, 1),
(3, 'Arnés 4 anillos PROTECTA', '1161511', 'ARNES%204%20ANILLOS%20COD.%201191279%20MARCA%20PROTECTA.jpg', '<div></div><div>Arnés multipropósito tipo chaleco 3M™ Protecta® con anillo en D fijo para reducir la necesidad de reajustes durante la jornada diaria de trabajo y diseño moderno que proporciona una apariencia moderna y elegante al arnés. Además, cuenta con conexión de paso para pecho y para pierna y anillos en D dorsales y posterior. Diseñados para brindar practicidad adicional, estos nuevos arneses soportan hasta 190 kg de peso total de trabajo.</div><div><br></div><div><ul><li>1 anillo D posterior, 2 anillos den D laterales y 1 anillo en D dorsal de acero monta \r</li><li>Anillos con resistencia para 5400 Lbs de tensión\r</li><li>Correas para piernas con hebilla de paso para un fácil acomodo y 100% seguro\r</li><li>Fabricado en cinta de poliéster de 1,75\' de ancho, en color gris en la parte inferior del arnés y de color rojo en la parte superior\r</li><li>Etiquetas de control de inspección protegidas\r</li><li>Unidad de Medida: unidad\r</li></ul></div>', 33, 'PROTECTA; ANTICAÍDA; ARNES; EPP', '<b>Detalles\n</b><div><br><div><ul><li>Anillo en D fijo que reduce la necesidad de reajustes durante la jornada diaria de trabajo\n</li><li>Diseño moderno que le otorga una apariencia moderna y elegante al arnés\n</li><li>Porta-eslingas de cumplimiento ANSI y ajuste automático para un acople fácil y rápido de ganchos a presión y mosquetones\n</li><li>Indicadores de impacto que facilitan la inspección del arnés en búsqueda de cargas de impacto previas peligrosas\n</li><li>Protector de etiqueta para la identificación e inspección a largo plazo\n</li><li>Anillos en D dorsales y posterior y conexión de paso para pecho y para pierna</li></ul></div></div>', '2. ARNES 4 ANILLOS 1161511 PROTECTA.pdf', 1, 0),
(4, 'Arnés 3 anillos CONTRACTOR FIRST', '1170185', 'ARNES%203%20ANILLOS%20EN%20H%20COD.%201170185%20MOD.%20CONTRACTOR%20MARCA%203M.jpg', 'Elemento parte de un sistema personal de detención de caídas. Posee argolla dorsal para&nbsp;<span style=\"font-size: 1rem;\">restricción y detención de caídas, argollas de cadera (laterales) para posicionamiento y argolla&nbsp;</span><span style=\"font-size: 1rem;\">esternal para detención de caídas limitada, restricción de desplazamiento o rescate.</span><div><br></div><div><ul><li>Anillo en D trasero y dos anillos D laterales para posicionamiento\n</li><li>Correas de piernas con hebilla de paso regulador para torso</li><li>Etiquetas de control de inspección protegidas\n</li><li>Unidad de Medida: unidad\n</li></ul></div>', 33, 'FIRST; ANTICAÍDA; ARNES; EPP', '<b>Características\n</b><div><b><br></b><div><ul><li>Arnés estilo “H”\n</li><li>Fabricado en reata de 43 mm de ancho.\n</li><li>Reata en poliéster 100% de alta resistencia a la tensión y abrasión.\n</li><li>Elaborado con argollas inspeccionadas y probadas 100% a 16 kN (3600 lb) y herrajes de\n alta resistencia a la tensión de rotura y a la corrosión.&nbsp;</li><li>Hebillas de conexión y ajuste a nivel pélvico y pectoral, para ajuste a la talla del usuario.\nResistencia mínima a la rotura 15 kN (3.372 lb) de acuerdo con norma ANSI Z359.12-2009.&nbsp;</li><li>Costuras fabricadas en hilo poliéster de alta resistencia y de color diferente a la reata para\n facilitar su identificación e inspección.&nbsp;</li><li>Pad posterior para asegurar que la argolla dorsal permanezca en su lugar y que las tirantas\n&nbsp;<span style=\"font-size: 1rem;\">se crucen en la parte dorsal.&nbsp;</span></li><li>Funda cubre etiqueta para mantener la información y trazabilidad.\n</li><li>Peso físico 1.21 kg.\n</li><li>Arnés avalado, elemento por elemento, en conjunto en prueba dinámica (simulando caída\n&nbsp;<span style=\"font-size: 1rem;\">de cabeza y de pie) y estática de acuerdo con los requisitos de la norma de referencia.</span></li></ul></div></div>', '3. F.T ARNES 3 ANILLOS 1170185 CONTRACTOR FIRST.pdf', 1, 0),
(5, 'Arnés 4 anillos CONTRACTOR FIRST', '1170186', 'ARNES%204%20ANILLOS%201170186%20CONTRACTOR%20FIRST.jpg', 'Elemento parte de un sistema personal de detención de caídas. Posee argolla dorsal para\r\n<div>restricción y detención de caídas, argollas de cadera (laterales) para posicionamiento y argolla\r\n</div><div>esternal para detención de caídas limitada, restricción de desplazamiento o rescate.</div><div><br></div><div><ul><li>1 anillo D posterior, 2 anillos en D laterales y 1 anillo en D dorsal de acero monta \r\n</li><li>Anillos con resistencia para 5400 Lbs de tensión\r\n</li><li>Correas para piernas con hebilla de paso para un fácil acomodo y 100% seguro\r\n</li><li>Fabricado en cinta de poliéster de 1,75\'\' de ancho, en color gris en la parte inferior del arnés y de color rojo en la parte superior\r\n</li><li>Etiquetas de control de inspección protegidas\r\n</li><li>Unidad de Medida: unidad\r\n</li></ul></div>', 33, 'FIRST; ANTICAÍDA; ARNES; EPP', '<b>Características\n</b><div><b><br></b><div><ul><li>Arnés estilo “H”\n</li><li>Fabricado en reata de 43 mm de ancho.\n</li><li>Reata en poliéster 100% de alta resistencia a la tensión y abrasión.\n</li><li>Elaborado con argollas inspeccionadas y probadas 100% a 16 kN (3600 lb) y herrajes de\n alta resistencia a la tensión de rotura y a la corrosión.&nbsp;</li><li>Hebillas de conexión y ajuste a nivel pélvico y pectoral, para ajuste a la talla del usuario.\n</li><li>Resistencia mínima a la rotura 15 kN (3.372 lb) de acuerdo con norma ANSI Z359.12-2009.\n</li><li>Costuras fabricadas en hilo poliéster de alta resistencia y de color diferente a la reata para\n&nbsp;<span style=\"font-size: 1rem;\">facilitar su identificación e inspección.&nbsp;</span></li><li>Pad posterior para asegurar que la argolla dorsal permanezca en su lugar y que las tirantas\n&nbsp;<span style=\"font-size: 1rem;\">se crucen en la parte dorsal.&nbsp;</span></li><li>Funda cubre etiqueta para mantener la información y trazabilidad.\n</li><li>Peso físico 1.21 kg.\n</li><li>Arnés avalado, elemento por elemento, en conjunto en prueba dinámica (simulando caída\n&nbsp;<span style=\"font-size: 1rem;\">de cabeza y de pie) y estática de acuerdo con los requisitos de la norma de referencia.</span></li></ul></div></div>', '4. ARNES 4 ANILLOS 1170186 CONTRACTOR FIRST 3M.pdf', 1, 0),
(6, 'Línea de Vida Doble de 1.80 Mt PROTECTA', '1340180 ', 'LINEA%20DE%20VIDA%20DOBLE%20GANCHO%20GRANDE%201.80%20MTS%20COD%201340180%20MARCA%20PROTECTA.jpg', '<div>Nuestra eslinga amortiguadora PRO™ con protector proporciona cumplimiento de normas de&nbsp;<span style=\"font-size: 1rem;\">alta calidad a un precio económico y cuenta con la confianza de los trabajadores. Se destacan\n&nbsp;</span><span style=\"font-size: 1rem;\">por su tejido trenzado duradero y herrajes de acero aleado recubiertos para mayor firmeza y&nbsp;</span><span style=\"font-size: 1rem;\">resistencia a la corrosión. Las eslingas PRO™ Pack cuentan con una acción de desgarro&nbsp;</span><span style=\"font-size: 1rem;\">controlada cuando se someten a una caída, reduciendo las fuerzas que se ejercen sobre el&nbsp;</span><span style=\"font-size: 1rem;\">usuario a niveles seguros y deteniendo la caída. Además, las eslingas PRO™ son de peso liviano&nbsp;</span><span style=\"font-size: 1rem;\">y proporcionan comodidad y seguridad adicionales. Están disponibles en varios estilos,&nbsp;</span><span style=\"font-size: 1rem;\">longitudes y opciones de ganchos para adaptarse a las necesidades específicas del lugar de&nbsp;</span><span style=\"font-size: 1rem;\">trabajo.</span></div>', 33, 'PROTECTA; ANTICAÍDA; LINEA DE VIDA; EPP', '<b>ASPECTOS DESTACADOS DEL PRODUCTO\n</b><div><b><br></b><div><ul><li>Línea de Vida de 1.80 mts de longitud con amortiguador de impacto PRO™ Pack Ganchos de 2 ¼” \n</li><li>Cumplimiento de normas de alta calidad a un precio económico y cuentan con la confianza de los trabajadores.\n</li><li>Destacan por su tejido trenzado duradero y ganchos de acero aleado con cierre automático que aportan mayor firmeza y resistencia a la corrosión.\n</li><li>Además, las eslingas PRO™ son de peso liviano y proporcionan comodidad y seguridad adicionales.\n</li><li>Unidad de Medida: unidad</li></ul></div></div>', '5. F.T LINEA DE VIDA DOBLE DE 1.80 MT 1340180 PROTECTA.pdf', 1, 0),
(7, 'Línea de Vida Doble de 1.20 Mt PROTECTA', '1340182 ', 'LINEA%20DE%20VIDA%20DOBLE%20GANCHO%20GRANDE%201.20%20MTS%20COD%201340182%20MARCA%20PROTECTA.jpg', 'PRO™ Shock Absorbing lanyards en reata polyester durable de 1\" (25 mm)\n&nbsp;<span style=\"font-size: 1rem;\">con mosquetones de 3.600 lb. (16kN) de resistencia en el gancho y un&nbsp;</span><span style=\"font-size: 1rem;\">absorvedor de energía diseñado para limitar el promedio de la fuerza de&nbsp;</span><span style=\"font-size: 1rem;\">detención de caída .a 900 lbs. (4kN) para mayor seguridad.</span>', 33, 'PROTECTA; ANTICAÍDA; LINEA DE VIDA; EPP', '<b>ASPECTOS DESTACADOS</b><div><br></div><div><ul><li>Línea de vida de 1.20 mts de longitud con amortiguador de impacto PRO™ Pack\n</li><li>Ganchos de 2 ¼”\n</li><li>Cumplimiento de normas de alta calidad a un precio económico y cuentan con la confianza de los trabajadores. \n</li><li>Destacan por su tejido trenzado duradero y ganchos de acero aleado con cierre automático que aportan mayor firmeza y resistencia a la corrosión. \n</li><li>Además, las eslingas PRO™ son de peso liviano y proporcionan comodidad y seguridad adicionales. \n</li><li>Unidad de medida: unidad \n</li></ul></div>', '6. F.T LINEA DE VIDA DOBLE DE 1.20 MT 1340182 PROTECTA.pdf', 1, 0),
(8, 'Línea de Vida Doble de 1.80 Mt FIRST ', '1228019 ', 'LINEA%20DE%20VIDA%20DOBLE%20GANCHO%20GRANDE%20COD.%201228019%20MARCA%20FIRST%203M.jpg', 'Eslinga para detención de caídas con doble terminal, dos ganchos de 2 1⁄4” de apertura y\n&nbsp;<span style=\"font-size: 1rem;\">uno de 3⁄4”. Longitud de 1.8m y absorvedor de energía.</span><div><span style=\"font-size: 1rem;\"><br></span></div><div><ul><li><span style=\"font-size: 1rem;\">Línea de Vida de 1.80 mts de longitud con amortiguador de impacto\n</span></li><li><span style=\"font-size: 1rem;\">Ganchos de 2 ¼” \n</span></li><li><span style=\"font-size: 1rem;\">Cumplimiento de normas de alta calidad a precio justo.\n</span></li><li><span style=\"font-size: 1rem;\">Unidad de medida : unidad\n</span></li></ul></div><div><span style=\"font-size: 1rem;\"><br></span></div>', 33, 'PROTECTA; ANTICAÍDA; LINEA DE VIDA; EPP', '<b>USOS\n</b><div><b><br></b><div>Subsistema parte de un sistema personal de detención de caídas, posee tres puntos de\n</div><div>anclaje. Este elemento permite al usuario desplazarse manteniéndose siempre anclado\n</div><div>por lo menos de un punto, alternando uno a uno los ganchos de los extremos de la\n</div><div>eslinga.</div><div><br></div><div><b>CARACTERÍSTICAS\n</b></div><div>\n</div><div><ul><li>El absorbedor de energía está diseñado para amortiguar y reducir la fuerza del\n&nbsp;<span style=\"font-size: 1rem;\">impacto producida en la detención.&nbsp;</span></li><li>Terminales: Reata poliéster de 25mm de ancho\n</li><li>Absorbedor: Reata poliéster de 45mm de ancho\n</li><li>Ganchos de apertura 2 1⁄4” y uno de 3⁄4”</li></ul></div></div>', '7. F.T LINEA DE VIDA DOBLE DE 1.80 MT 1228019 FIRST.pdf', 1, 0),
(9, 'Bloque Retráctil con Cinta de Nylon  PROTECTA', '3100425 ', 'BLOQUE%20RETRACTIL%20CON%20CINTA%20PROTECTA%203100425.jpg', 'Bloque Retráctil de tejido trenzado de Poliester de 11 pies de largo (3.30 mts) y de 1” ancho (2.50 cm)\n<div><br><div><ul><li>Gancho de seguridad\n</li><li>Anclaje Giratorio\n</li><li>Mosquetón de Anclaje\n</li><li>Carcasa termoplástica apilable, robusta y resistente a impactos\n</li><li>Sistema de Freno con sensor de velocidad de activación rápida\n</li><li>Unidad de medida: unidad\n</li></ul></div><div><br></div></div>', 33, 'PROTECTA; ANTICAÍDA; BLOQUE RETRACTIL; EPP', '<b>ASPECTOS DESTACADOS</b><div><br></div><div><ul><li>Gancho de seguridad\n</li><li>Anclaje Giratorio\n</li><li>Mosquetón de Anclaje\n</li><li>Carcasa termoplástica apilable, robusta y resistente a impactos\n</li><li>Sistema de Freno con sensor de velocidad de activación rápida\n</li><li>Unidad de medida: unidad\n</li></ul></div>', '8. BLOQUE RETRACTIL CINTA NYLON 3100425 PROTECTA.pdf', 1, 0),
(10, 'Bloque Retráctil con Cable de Acero PROTECTA', 'Varios', 'BLOQUE%20RETRACTIL%20CON%20CABLE%20ACERO%20PROTECTA.jpg', '<div>Protecta®\n&nbsp;<span style=\"font-size: 1rem;\">RebelTM&nbsp;</span><span style=\"font-size: 1rem;\">es una solución de protección anticaídas que no compromete el presupuesto ni la seguridad, y proporciona a los trabajadores una&nbsp;</span><span style=\"font-size: 1rem;\">mayor movilidad. Estos anticaídas autorretráctiles incorporan un anticaídas que se extiende y se retrae de forma automática, lo que permite el&nbsp;</span><span style=\"font-size: 1rem;\">libre movimiento alrededor del área de trabajo.&nbsp;</span></div><div><span style=\"font-size: 1rem;\"><br></span></div><div><b>Variedades\n</b></div><div>\n</div><div><ul><li>Bloque Retráctil 15 pies -&gt; Cod. 3590019 \n</li><li>Bloque Retráctil 20 pies -&gt; Cod. 3590514\n</li><li>Bloque Retráctil 33 pies -&gt; Cod. 3590500\n</li><li>Bloque Retráctil 50 pies -&gt; Cod. 3590550\n</li></ul></div>', 33, 'PROTECTA; ANTICAÍDA; BLOQUE RETRACTIL; EPP', '<div><b>ASPECTOS DESTACADOS</b></div><div><b><br></b></div><ul><li>Bloque Retráctil de Cable de Acero galvanizado 3/16” (5 mm) y recubierta polimérica \n</li><li>Gancho de seguridad\n</li><li>Anclaje Giratorio\n</li><li>Mosquetón de Anclaje con apertura ¾” \n</li><li>Carcasa termoplástica apilable, robusta y resistente a impactos\n</li><li>Sistema de Freno con sensor de velocidad de activación rápida\n</li><li>Unidad de medida: Unidad\n</li></ul><div><b>Variedades</b></div><div><b><br></b></div><div><ul><li>Bloque Retráctil 15 pies -&gt; Cod. 3590019 \n</li><li>Bloque Retráctil 20 pies -&gt; Cod. 3590514\n</li><li>Bloque Retráctil 33 pies -&gt; Cod. 3590500\n</li><li>Bloque Retráctil 50 pies -&gt; Cod. 3590550\n</li></ul></div>', '9. F.T BLOQUE RETRACTIL CON CABLE ACERO PROTECTA.pdf', 1, 0),
(11, 'Línea de Vida Doble Cable de Acero de 1.80 Mt PROTECTA', '1340452', 'LINEA%20DE%20VIDA%20DOBLE%20CABLE%20DE%20ACERO%20DE%201.80%20MT%201340452%20PROTECTA.JPG', 'Nuestra eslinga amortiguadora PROTM con protector proporciona cumplimiento de normas\n&nbsp;<span style=\"font-size: 1rem;\">de alta calidad a un precio económico y cuenta con la confianza de los trabajadores. Se&nbsp;</span><span style=\"font-size: 1rem;\">destacan por su tejido trenzado duradero y herrajes de acero aleado recubiertos para&nbsp;</span><span style=\"font-size: 1rem;\">mayor firmeza y resistencia a la corrosión. Las eslingas PROTM Pack cuentan con una acción&nbsp;</span><span style=\"font-size: 1rem;\">de desgarro controlada cuando se someten a una caída, reduciendo las fuerzas que se&nbsp;</span><span style=\"font-size: 1rem;\">ejercen sobre el usuario a niveles seguros y deteniendo la caída. Además, las eslingas&nbsp;</span><span style=\"font-size: 1rem;\">PROTM son de peso liviano y proporcionan comodidad y seguridad adicionales. Están&nbsp;</span><span style=\"font-size: 1rem;\">disponibles en varios estilos, longitudes y opciones de ganchos para adaptarse a las&nbsp;</span><span style=\"font-size: 1rem;\">necesidades específicas del lugar de trabajo.</span><div><span style=\"font-size: 1rem;\"><br></span></div><div><ul><li><span style=\"font-size: 1rem;\">Línea de Vida de 1.80 Mts de longitud con amortiguador de impacto PRO™ Pack\n</span></li><li><span style=\"font-size: 1rem;\">Cuerda de Doble Brazo de Cable de Acero Galvanizado de ¼” (6.3 mm) con recubierta de PVC\n</span></li><li><span style=\"font-size: 1rem;\">Ganchos de 2 ¼”\n</span></li><li><span style=\"font-size: 1rem;\">Cumplimiento de normas de alta calidad, las eslingas PRO™ son de peso liviano y proporcionan comodidad y seguridad adicionales.\n</span></li><li><span style=\"font-size: 1rem;\">Indicador de Impacto\n</span></li><li><span style=\"font-size: 1rem;\">Unidad de medida: Unidad\n</span></li></ul></div>', 33, 'PROTECTA; ANTICAÍDA; LINEA DE VIDA; EPP', '<b>ASPECTOS DESTACADOS DEL PRODUCTO\n</b><div><b><br></b><div><ul><li>Eslinga de doble brazo de 1.8 m (6 ft) con conexión de 100 %.</li><li>Diseño liviano y fácil de usar.&nbsp;</li><li>Paquete amortiguador de PVC con etiqueta protegida.&nbsp;</li><li>Cable con revestimiento de vinilo de 6.3 mm (1/4 in).&nbsp;</li><li><span style=\"font-size: 1rem;\">El diseño de absorción de energía limita las fuerzas de detención de\n&nbsp;</span><span style=\"font-size: 1rem;\">caídas.&nbsp;</span></li><li>Ganchos de seguridad de cierre automático fáciles de usar en cada\n&nbsp;<span style=\"font-size: 1rem;\">extremo.&nbsp;</span></li><li>Indicador de impacto.</li></ul></div></div>', '10. F.T LINEA DE VIDA DOBLE CABLE DE ACERO DE 1.80 MT 1340452 PROTECTA.pdf', 1, 0),
(14, 'Protector auditivo CM-501', 'CM-501', '1. OREJERA PARA CASCO CM-501 STEELPRO.jpg', 'Protector copa contra ruidos para trabajo en\r&nbsp;<span style=\"font-size: 1rem;\">talleres, aeropuertos, campos petroleros y&nbsp;</span><span style=\"font-size: 1rem;\">trabajos con taladros o percutores, guadaña-&nbsp;</span><div>doras, moto sierras, mantenimiento, obras\r&nbsp;<span style=\"font-size: 1rem;\">civiles y minería.</span></div>', 38, 'PROTECTOR; AUDIFONOS; OREJERAS; RUIDOS', '<b>CARACTERÍSTICAS</b><div><ul><li>Sistema universal para adosar a casco.\r</li><li>Copas: ABS y policarbonatos de alta resistencia al impacto y\r&nbsp;<span style=\"font-size: 1rem;\">choques contra materiales fijos.&nbsp;</span></li><li>Almohadillas: espumas y materiales antialérgicos.\r</li><li>El nivel de reducción de ruido es 22 dB.\r</li><li>Los protectores tipo copa para insertar a casco disminuyen su\r&nbsp;<span style=\"font-size: 1rem;\">atenuación por movimiento y espacios y desacomodación del&nbsp;&nbsp;</span><span style=\"font-size: 1rem;\">casco.&nbsp;</span></li><li>Peso 230 gramos.</li></ul></div>', '1. F.T ARNES 3 ANILLOS 1161560 PROTECTA.pdf', 2, 0),
(15, 'Protector auditivo H9P3E PELTOR', 'H9P3E', '2. OREJERA PARA CASCO H9P3E PELTOR 3M.jpg', 'Los protectores auditivos PELTOR tipo Orejeras están\r&nbsp;<span style=\"font-size: 1rem;\">diseñados para proveer efectiva protección contra ruido&nbsp;&nbsp;</span><span style=\"font-size: 1rem;\">cuando se usan de acuerdo con las instrucciones de&nbsp;</span><span style=\"font-size: 1rem;\">colocación y se aplican los criterios para la selección de&nbsp;</span><span style=\"font-size: 1rem;\">equipos de protección auditiva.&nbsp;</span><div>Las orejeras PELTOR modelo OPTIME son fabricadas con\r&nbsp;<span style=\"font-size: 1rem;\">materiales hipoalergénicos y de muy bajo peso, brindando&nbsp;</span><span style=\"font-size: 1rem;\">una efectiva e higiénica protección a los trabajadores que se&nbsp;</span><span style=\"font-size: 1rem;\">desempeñan en áreas donde los niveles de ruido alcanzan&nbsp;</span><span style=\"font-size: 1rem;\">hasta 98dB por jornada de trabajo.</span></div>', 33, 'PROTECTOR; AUDIFONOS; OREJERAS; RUIDOS', '<b>CARACTERÍSTICAS</b><div><b><br></b><div><ul><li>Arco de acero inoxidable con conector para la gran\r&nbsp;<span style=\"font-size: 1rem;\">mayoría de cascos de seguridad.&nbsp;</span></li><li>Longitud ajustable de los brazos del arco; y copas\r&nbsp;<span style=\"font-size: 1rem;\">pivotantes para mayor compatibilidad, seguridad y&nbsp;</span><span style=\"font-size: 1rem;\">comodidad.&nbsp;</span></li><li>NRR: 23dB. Indicación del máximo nivel de\r&nbsp;<span style=\"font-size: 1rem;\">exposición de ruido (98dB) en las copas.&nbsp;</span></li><li>Copas de ABS; cubierta de almohadilla de PVC, y\r&nbsp;<span style=\"font-size: 1rem;\">espuma de poliuretano.</span></li></ul><div><b>APLICACIONES</b></div></div></div><div><b><br></b></div><div>Empleables en gran número de labores que puedan\r&nbsp;<span style=\"font-size: 1rem;\">implicar el riesgo de presencia de ruido, y asimismo en condiciones en las que los trabajadores estén expuestos a\r&nbsp;</span><span style=\"font-size: 1rem;\">polvo, grasa u otro tipo de sustancias.</span></div><div><span style=\"font-size: 1rem;\"><br></span></div><div><span style=\"font-size: 1rem;\"><b>APROBACIONES</b></span></div><div><span style=\"font-size: 1rem;\"><br></span></div><div><span style=\"font-size: 1rem;\">Las Orejeras Peltor cumplen con la norma ANSI S3.19-\r</span><span style=\"font-size: 1rem;\">1974 sobre protección de la audición.</span></div>', '2. PROTECTOR AUDITIVO H9P3E PELTOR 3M.pdf', 2, 0),
(16, 'Protector auditivo SOUND CONTROL MSA', '10034487', '3. PROTECTOR AUDITIVO SOUND CONTROL MSA.jpg', 'Los protectores auditivos Soprano Protector auricular para\r&nbsp;<span style=\"font-size: 1rem;\">uso general es sumamente confortable, con un diseño&nbsp;</span><span style=\"font-size: 1rem;\">moderno y estilizado. Adaptable a cascos sin slot.&nbsp;</span><div><span style=\"font-size: 1rem;\"><br></span></div><div><span style=\"font-size: 1rem;\">Está diseñado para un encaje perfecto en cascos como el del&nbsp;</span><span style=\"font-size: 1rem;\">tipo sombrero. Los auriculares soprano proveen un alto&nbsp;</span><span style=\"font-size: 1rem;\">nivel de protección auricular .</span></div>', 36, 'PROTECTOR; AUDIFONOS; RUIDOS', '<b>CARACTERÍSTICAS</b><div><br></div><div><ul><li>Tiene 3 posiciones distintas de uso: sobre casco, suelto y\r&nbsp;<span style=\"font-size: 1rem;\">ajustado.</span></li><li><span style=\"font-size: 1rem;\">Color: Negro con\r&nbsp;</span>copas grises.</li><li>Los auriculares de protección auditiva Soprano cumplen con la norma ANSI S.319 1974, EN 352 y\r CSA Clase A.</li></ul></div>', '3. PROTECTOR AUDITIVO SOUND CONTROL MSA.pdf', 2, 1),
(17, 'Protector auditivo H9A PELTOR 3M', 'H9A', '4. OREJERA TIPO VINCHA H9A PELTOR 3M.jpg', 'Los protectores auditivos PELTOR tipo Orejeras están\r&nbsp;<span style=\"font-size: 1rem;\">diseñados para proveer efectiva protección contra ruido&nbsp;</span><span style=\"font-size: 1rem;\">cuando se usan de acuerdo con las instrucciones de&nbsp;</span><span style=\"font-size: 1rem;\">colocación y se aplican los criterios para la selección de&nbsp;</span><span style=\"font-size: 1rem;\">equipos de protección auditiva.&nbsp;</span><div><br><div>Las orejeras PELTOR H9A modelo OPTIME son\r&nbsp;<span style=\"font-size: 1rem;\">fabricadas con materiales hipoalergénicos y de muy bajo&nbsp;</span><span style=\"font-size: 1rem;\">peso, brindando una efectiva e higiénica protección a los&nbsp;</span><span style=\"font-size: 1rem;\">trabajadores&nbsp;</span><span style=\"font-size: 1rem;\">que&nbsp;</span><span style=\"font-size: 1rem;\">se desempeñan en áreas donde los niveles de&nbsp;</span><span style=\"font-size: 1rem;\">ruido alcanzan hasta 98dB por jornada de trabajo.</span></div></div>', 33, 'PROTECTOR; AUDIFONOS; RUIDOS', '<b>CARACTERÍSTICAS</b><div><br></div><div><ul><li>Arco de acero inoxidable con banda acolchonada\r&nbsp;<span style=\"font-size: 1rem;\">sobre la cabeza.&nbsp;</span></li><li>Longitud ajustable de los brazos del arco; y copas\r&nbsp;<span style=\"font-size: 1rem;\">pivotantes para mayor compatibilidad, seguridad y&nbsp;</span><span style=\"font-size: 1rem;\">comodidad.&nbsp;</span></li><li>NRR: 25dB. Indicación del máximo nivel de\r&nbsp;<span style=\"font-size: 1rem;\">exposición de ruido (98dB) en las copas.&nbsp;</span></li><li>Copas de ABS; cubierta de almohadilla de PVC, y\r&nbsp;<span style=\"font-size: 1rem;\">espuma de poliuretano.</span></li><li><span style=\"font-size: 1rem;\">Un arco de acero inoxidable significa mayor uniformidad en\r&nbsp;</span>la atenuación durante el tiempo que la orejera esté siendo utilizada, presentando amplia ventaja sobre los arcos hechos de plástico.&nbsp;</li><li><span style=\"font-size: 1rem;\">Las copas se unen al arco en puntos pivotantes, lo cual\r&nbsp;</span>permite una mejor compatibilidad con el rostro del usuario. Para comodidad y eficiencia permite graduar la longitud de los brazos del arco en acople con las copas, tan sólo deslizándolos, adecuándose así a diversos tamaños de rostro.&nbsp;</li><li><span style=\"font-size: 1rem;\">El diseño de la copa cubre a satisfacción el oído externo del\r&nbsp;</span>usuario, y en conjunto con sus almohadillas y espuma interior brindan un mejor sellado (aún con lentes), y brindan mayor comodidad.</li></ul><div><b>APLICACIONES</b></div></div><div><b><br></b></div><div><ul><li>Empleables en gran número de labores que puedan\r&nbsp;<span style=\"font-size: 1rem;\">implicar el riesgo de presencia de ruido, y asimismo en condiciones en las que los trabajadores estén expuestos a\r&nbsp;</span>polvo, grasa u otro tipo de sustancias.</li></ul></div>', '4. PROTECTOR AUDITIVO H9A PELTOR 3M.pdf', 2, 0),
(18, 'Tapón auditivo c-estuche', '06TCBC', '5. TAPON AUDITIVO C-ESTUCHE 06TCBC STEELPRO.jpg', 'Textura suave y blanda, para permitir su inserción en el canal GARANTÍA\r&nbsp;<span style=\"font-size: 1rem;\">auditivo. Tapones unidos con cordón para mayor comodidad.&nbsp;</span><span style=\"font-size: 1rem;\">Atenuación SNR 27 dB.</span>', 38, 'PROTECTOR; TAPON; RUIDOS', '<b>BENEFICIOS\r</b><div><b><br></b><div><ul><li>Los tapones auditivos desechables Steelpro otorgan protección a los trabajadores que realizan sus funciones en lugares\r&nbsp;<span style=\"font-size: 1rem;\">de trabajo donde los niveles de ruido son mayores a los niveles&nbsp;</span><span style=\"font-size: 1rem;\">permitidos por la legislación vigente.&nbsp;</span></li><li>Son de material hipoalergénico y superficie totalmente lisa,\r&nbsp;<span style=\"font-size: 1rem;\">especialmente diseñados para otorgar gran comodidad en la&nbsp;</span><span style=\"font-size: 1rem;\">mayoría de los canales auditivos de los trabajadores.</span></li></ul></div></div>', '5. TAPON STEELPRO.pdf', 2, 0),
(19, 'Tapón auditivo c-estuche', 'Varios', '6. TAPON AUDITIVO C-ESTUCHE 1271 3M.jpg', 'Los tapones reutilizables 3M 1270 (sin caja) y 3M 1271 (con caja) están diseñados para ser insertados en el canal\r\n&nbsp;<span style=\"font-size: 1rem;\">auditivo y ayudar a reducir la exposición a niveles dañinos de ruido y sonidos altos.</span><div><span style=\"font-size: 1rem;\"><br></span></div><div><span style=\"font-size: 1rem;\"><b>Variedades\r\n</b></span></div><div><span style=\"font-size: 1rem;\">Tapón auditivo sin caja -&gt; Cod. 1270&nbsp;</span></div><div><span style=\"font-size: 1rem;\">Tapón auditivo con caja -&gt; Cod. 1271</span></div><div><span style=\"font-size: 1rem;\">3590550</span><br></div>', 33, 'PROTECTOR; TAPON; RUIDOS', '<b>CARACTERÍSTICAS</b><div><b><br></b><div><ul><li>Un único tamaño que cubre un amplio rango de tallas.\r</li><li>NRR = 24 dB\r</li><li>Material suave y de gran comodidad al contacto con el canal auditivo.\r</li><li>Liviano y sin mantenimiento.\r</li><li>La base del tapón permite sujetarlo mejor e introducirlo más fácilmente en el canal auditivo.\r</li><li>La aleta exterior, al ser más grande, facilita el ajuste y mejora la comodidad.\r</li><li>Cajita de almacenamiento con clip de sujeción (modelo 1271)\r</li><li>Con cordón de poliéster o en PVC: ayuda a evitar pérdidas y asegura que esté disponible cuando se necesita.</li></ul><div><b>APLICACIONES</b></div></div></div><div><b><br></b></div><div>Los tapones auditivos 3M 1270 / 1271 son adecuados como protección frente al ruido en varias aplicaciones:\r</div><div><ul><li>Industria del metal.\r</li><li>Industria del automóvil.\r</li><li>Construcción.\r</li><li>Imprenta.\r</li><li>Industria química y farmacéutica.\r</li><li>Industria textil.\r</li><li>Trabajos con madera.\r</li><li>Ingeniería.</li></ul></div>', '6. TAPON 1270 1271 3M.pdf', 2, 0),
(20, 'Tapón auditivo c-estuche', 'Varios', '7. TAPON AUDITIVO C-ESTUCHE 1291 3M.jpg', 'Los tapones auditivos reutilizables 3M 1290 (sin estuche) y 3M 1291 (con estuche) están fabricados con materiales\r\n&nbsp;<span style=\"font-size: 1rem;\">hipoalergénicos de elastómero termoplástico y cordón de poliéster de formulación más suave, brindan una efectiva e&nbsp;</span><span style=\"font-size: 1rem;\">higiénica protección a los trabajadores que se desempeñan en áreas donde los niveles de ruido son superiores a 85&nbsp;</span><span style=\"font-size: 1rem;\">dBA.&nbsp;</span><div>Son premoldeados y constan de tres falanges circulares y vástago que se adaptan cómodamente a la forma del canal\r\n&nbsp;<span style=\"font-size: 1rem;\">auditivo sin plegarse.</span></div><div><span style=\"font-size: 1rem;\"><br></span></div><div><span style=\"font-size: 1rem;\"><b>Variedades\r\n</b></span></div><div><span style=\"font-size: 1rem;\">Tapón auditivo sin estuche-&gt; Cod. 1290 \r\n</span></div>', 33, 'PROTECTOR; TAPON; RUIDOS', '<b>CARACTERÍSTICAS</b><div><br><div><ul><li><span style=\"font-size: 1rem;\">Tapones lavables y reutilizables de elastómero termoplástico hipoalergénico.&nbsp;</span></li><li>NRR = 25 dB\r</li><li>Cordón de poliéster rompible que protege al usuario en caso de quedar atrapado en una máquina.\r</li><li>Diseño de tres falanges curvas que proporciona un ajuste más cómodo y permitiendo que con un solo tamaño\r&nbsp;<span style=\"font-size: 1rem;\">se ajuste a la variedad de tamaños de canales auditivos.&nbsp;</span></li><li>Se adapta a la forma ovalada del canal auditivo sin plegarse.\r</li><li>El tapón no se enrolla ni se toca durante la colocación.</li></ul><div><b>APLICACIONES</b></div></div></div><div><b><br></b></div><div>Los tapones auditivos reutilizables 3M 1290 y 3M 1291 pueden utilizarse en aquellas industrias y puestos de trabajo\r&nbsp;<span style=\"font-size: 1rem;\">donde exista riesgo de exposición a ruido, humedad o calor. Brindan protección adecuada en la mayoría de las&nbsp;</span><span style=\"font-size: 1rem;\">situaciones donde existe presencia de un ruido molesto permitiendo oír la voz humana.</span></div>', '7. TAPON 1290 1291 3M.pdf', 2, 0),
(21, 'Tapón auditivo c-estuche', 'ELITE', '8. TAPON AUDITIVO C-ESTUCHE ELITE CLUTE.jpg', 'Los tapones auditivos reutilizables de CLUTE, modelo ELITE con\r&nbsp;<span style=\"font-size: 1rem;\">cordón, son diseñados para ser insertados en el canal auditivo y&nbsp;</span><span style=\"font-size: 1rem;\">ayudar a reducir la exposición de ruido a niveles que no sean&nbsp;</span><span style=\"font-size: 1rem;\">dañinos o molestos.&nbsp;</span><div>Nuestros tapones son de una atenuación moderada (NRR 21dB)\r&nbsp;<span style=\"font-size: 1rem;\">que facilitan una protección óptima, a la vez que reducen la&nbsp;</span><span style=\"font-size: 1rem;\">sensación de aislamiento por parte del usuario. Su diseño es&nbsp;</span><span style=\"font-size: 1rem;\">moderno y atractivo, además de otorgar comodidad gracias a su&nbsp;</span><span style=\"font-size: 1rem;\">material blando y flexible.</span></div>', 41, 'PROTECTOR; TAPON; RUIDOS', '<b>CARACTERÍSTICAS</b><div><br></div><div><ul><li>Fabricado de un elastómero termoplástico (TPR); material\r&nbsp;<span style=\"font-size: 1rem;\">hipoalergénico, brinda comodidad y un efectivo sello.&nbsp;</span></li><li>Tapón de único tamaño que cubre un amplio rango de tallas.\r</li><li>Es reutilizable, resiste la cera del oído y es lavable.\r</li><li>Su diseño cónico y de tres aletas facilita su inserción y permite su\r&nbsp;<span style=\"font-size: 1rem;\">ajuste a todos los canales auditivos.&nbsp;</span></li><li>Grip resistente para facilitar su posicionamiento y la correcta\r&nbsp;<span style=\"font-size: 1rem;\">inserción/remoción.&nbsp;</span></li><li>Color verde fluo, facilita su identificación en el personal que lo usa.\r</li><li>Provistos de un cordón textil de poliéster.</li><li>Presentación en dos tipos de envases higiénicos:\r En caja higiénica con clip de sujeción que\n permite guardarlos entre periodos de uso. En bolsa individual tipo ziploc reutilizable.&nbsp;</li><li>Cumple con los requerimientos de ANSI S3.19-1974 y la\r norma EN 352-2:2002&nbsp;</li></ul></div>', '8. TAPON ELITE CLUTE.pdf', 2, 0),
(22, 'Guante de cuero badana blanco', 'GC14 ', '1. GUANTE DE CUERO BADANA BLANCO.jpg', 'El guante de cuero badana marca Clute, es una línea de guantes recomendados para tareas generales de riesgos mecánicos medios/bajos.\r<div>\r</div><div>Este guante es conocido como modelo ingeniero, conductor o maniobrista. Fabricado a partir de cuero de búfalo, ofrece un óptimo rendimiento de acuerdo a su categoría.\r</div><div>\r</div><div>Se recomienda que estos guantes sean inspeccionados antes de su uso, especialmente después de la jornada laboral y antes de colocárselo, para asegurar que no haya ningún daño presente.</div>', 41, 'GUANTES; CUERO; MANOS', '<div><b>CARACTERÍSTICAS</b></div><div><b><br></b></div><ul><li>Guante de buena resistencia y sensibilidad al tacto.\r</li><li>Brinda comodidad y flexibilidad durante el trabajo.\r</li><li>Estilo con elástico de ajuste en el dorso y ribete bordado en la muñeca.\r</li><li>Material de cuero grado BC\r</li><li>Color de cuero: amarillo.\r</li><li>Color del ribete: rojo.\r</li><li>Largo de 9.5″\r</li><li>Talla disponible: Standard.\r</li><li>Tipo de costura: recta con poliéster.\r</li><li>Dedo pulgar de tipo ala.</li></ul>', '1. GUANTE DE CUERO BADANA BLANCO.pdf', 4, 0),
(23, 'Guante de cuero badaña puño corto', 'Ninguno', '2. GUANTE DE CUERO BLANCO PUÑO CORTO STEELPRO.jpg', 'Guante en base a cuero badana que permite confort y\r&nbsp;<span style=\"font-size: 1rem;\">maniobrabilidad en el uso, ideal para el trabajo de&nbsp;</span><span style=\"font-size: 1rem;\">maquinistas y mantenimiento en general donde se&nbsp;</span><span style=\"font-size: 1rem;\">requiera proteger de riesgos mecánicos medios y bajos.</span><div><span style=\"font-size: 1rem;\"><br></span></div><div><span style=\"font-size: 1rem;\">Colores Disponibles Blanco – AMARILLO \r</span></div>', 38, 'GUANTES; CUERO; MANOS', '<b>CARACTERÍSTICAS</b><div><br></div><div><ul><li>Material en Cuero bovino amarillo con puño de\r&nbsp;<span style=\"font-size: 1rem;\">seguridad. Grosor de 0,9-1,1mm.&nbsp;</span></li><li>Puño corto\r</li><li>Dorso elastizado.\r</li><li>Costuras internas reforzadas.\r</li><li>Elástico en dorso de la mano para mayor ajuste.</li></ul><div><b>APLICACIÓN</b></div></div><div><br></div><div><ul><li>Riesgo mecánico\r</li><li>Uso general en aplicaciones secas\r</li><li>Construcción\r</li><li>Industria en general</li></ul></div>', '2. GUANTE DE CUERO BADANA PUÑO CORTO STEELPRO.pdf', 4, 0),
(24, 'Guante soldador naranja', 'Ninguno', '4.%20GUANTE%20DE%20CUERO%20DE%20SOLDAR%20ROJO%20STEELPRO.png', '<div>Este guante ha sido diseñado para ser usado exclusivamente,\n&nbsp;<span style=\"font-size: 1rem;\">como protección de manos, en labores de soldadura al arco.</span></div><div><span style=\"font-size: 1rem;\"><br></span></div><div><span style=\"font-size: 1rem;\"><b>Guante de cuero cromo para soldador STEELPRO T.STD</b></span></div>', 38, 'GUANTES; CUERO; MANOS', '<b>CARACTERÍSTICAS</b><div><br></div><div><ul><li>Fabricado completamente en descarne rojo, curtido al cromo\n</li><li>Costuras protegidas\n</li><li>Interior forrado\n</li><li>Este guante ha sido diseñado para ser usado exclusivamente,\n como protección de manos, en labores de soldadura al arco.</li></ul></div>', '4. GUANTE DE CUERO SOLDAR STEELPRO.pdf', 4, 0),
(25, 'Guante de latex negro PROTEX', 'Ninguno', '5. GUANTE DE LATEX NEGRO PROTEX.jpg', 'Un guante de trabajo pesado que resiste repetidos golpes, roces y arañazos; con un tratamiento especial para fortalecer la superficie del guante dejándolos suaves al tacto; son de forma anatómica, aseguran comodidad y reducen la fatiga de las manos. Excelentes contra la abrasión y el rasgado, proporcionan seguridad contra una amplia gama de compuestos químicos y productos de limpieza.', 42, 'GUANTES; MANOS; LATEX', '<b>CARACTERÍSTICAS</b><div><br></div><div><ul><li>Color: Negro.\r</li><li>Material: Látex Natural.\r</li><li>Beneficios: Excelente agarre, Mayor comodidad.\r</li><li>Aplicaciones: Pintura, Lavado Industrial, Recolección de cosechas, Limpieza de Avícolas, Auto lavados.</li></ul></div>', '5. GUANTE DE LATEX NEGRO PROTEX.pdf', 4, 0),
(26, 'Guante de latex negro', 'Ninguno', '6. GUANTE DE LATEX NEGRO MASTER.jpg', 'Producto a base de látex de caucho natural, con excelente elasticidad para facilitarla manipulación y realización deactividades con total\r<div>comodidad</div>', 43, 'GUANTES; MANOS; LATEX', '<b>DETALLES</b><div><br></div><div><ul><li>Guante de latex negro MASTER\r</li><li>Calibre C25, Largo 12”\r</li><li>Calibre C35, Largo 12”\r</li><li>Tallas Disponibles Consultar\r</li></ul></div>', '6. GUANTE DE LATEX NEGRO MASTER.pdf', 4, 0),
(27, 'Guante de nitrilo verde', 'G80', '7. GUANTE DE NITRILO VERDE G80 KIMBERLY JACKSON.jpg', 'Los guantes de protección Jackson Safety* G80 de nitrilo, son los guantes resistentes a químicos ideales para proteger las manos de las\r&nbsp;<span style=\"font-size: 1rem;\">personas de combustibles, solventes y grasas; con un excelente nivel de agarre, destreza y comodidad.</span><div><span style=\"font-size: 1rem;\"><br></span></div><div><ul><li><span style=\"font-size: 1rem;\">Longitud Disponible 13” y 18” G80&nbsp;</span></li><li><span style=\"font-size: 1rem;\">Tallas Disponibles S – M – L\r</span></li></ul></div>', 44, 'GUANTES; MANOS; NITRILO', '<b>CARACTERÍSTICAS</b><div><br></div><div>El guante está fabricado con una capa de 15 mils (milésimas de pulgada) de nitrilo y tiene una longitud de 13”. Este material sintético ofrece\r&nbsp;<span style=\"font-size: 1rem;\">excelentes niveles de protección contra combustibles, solventes y grasas; y es ideal para personas que presenten sensibilidad ante al látex&nbsp;</span><span style=\"font-size: 1rem;\">natural. El interior del guante tiene un revestimiento de algodón que brinda mayor comodidad y facilita la postura y remoción del mismo. La&nbsp;</span><span style=\"font-size: 1rem;\">punta de los dedos y palma son texturizados con un patrón en forma de rombos para darle más agarre tanto en húmedo como en seco. El resto&nbsp;</span><span style=\"font-size: 1rem;\">del guante es liso, para evitar acumulación de químicos que puedan con el tiempo degradar el guante.</span></div><div><span style=\"font-size: 1rem;\"><br></span></div><div><span style=\"font-size: 1rem;\"><b>APLICACIONES</b></span></div><div><span style=\"font-size: 1rem;\"><br></span></div><div><span style=\"font-size: 1rem;\">A continuación se enuncian ejemplos de aplicaciones y usos comunes de los guantes de protección Jackson Safety* G80 de nitrilo. Es muy\r&nbsp;</span><span style=\"font-size: 1rem;\">importante conocer el proceso y los riesgos químicos a los que está expuesta la persona para poder definir el uso del guante adecuado. Se&nbsp;</span><span style=\"font-size: 1rem;\">deben identificar los químicos y sus respectivas concentraciones.</span></div>', '7. GUANTE DE NITRILO VERDE G80 KIMBERLY JACKSON.pdf', 4, 0),
(34, 'Guante de nitrilo HYCRON puño tejido', '27-602', '8. GUANTE DE NITRILO HYCRON.jpg', 'Recubrimiento de nitrilo sobre forro de punto de jersey.\r<div>Un guante grande y robusto para actividades pesadas: tres veces más resistente que los guantes de piel\r&nbsp;<span style=\"font-size: 1rem;\">más resistentes.&nbsp;</span></div><div>Ideal para manipular materiales abrasivos, como fundición de hierro y ladrillos.\r</div><div>Revestimiento impermeable resistente a la grasa, el aceite y el polvo.\r</div><div>La referencia en guantes de uso general de gran resistencia.</div>', 45, 'GUANTES; MANOS; NITRILO', '<b>USO RECOMENDADO</b><div><br></div><div><ul><li>Materiales de construcción,\r<span style=\"font-size: 1rem;\">hormigón, ladrillos y tejas&nbsp;</span></li><li>Madera bruta, paneles y\r&nbsp;<span style=\"font-size: 1rem;\">madera contrachapada&nbsp;</span></li><li>Fundición de hierro y moldes\r</li><li>Moldes para plástico (fríos)\r</li><li>Barras de acero, chapas, latas y\r&nbsp;<span style=\"font-size: 1rem;\">otros objetos metálicos&nbsp;</span></li><li>Cables gruesos\r</li><li>Limpieza de espacios públicos y\r&nbsp;<span style=\"font-size: 1rem;\">recogida de residuos</span></li></ul></div>', '8. GUANTE DE NITRILO HYCRON.pdf', 4, 0),
(35, 'Guante de nitrilo descartable', '92-600', '9. GUANTE DE NITRILO DESCARTABLE 92-600 ANSELL.png', 'Sólo 0,12 mm de espesor.\r<div>Fino como una segunda piel, pero es una protección hermética\r&nbsp;<span style=\"font-size: 1rem;\">segura.&nbsp;</span></div><div>Más seguro para sus productos y para las pieles sensibles.\r</div><div>Tres veces más resistente a la perforación que los guantes\r&nbsp;<span style=\"font-size: 1rem;\">desechables de látex o PVC.</span></div>', 45, 'GUANTES; MANOS; NITRILO', '<b>USO RECOMENDADO</b><div><br></div><div><ul><li>Trabajo en laboratorio\r</li><li>Industria química\r</li><li>Servicios de urgencia\r</li><li>Electrónica y otras operaciones\r&nbsp;<span style=\"font-size: 1rem;\">de montaje complejas</span></li></ul></div>', '9. GUANTE DE NITRILO DESCARTABLE 92-600 ANSELL.pdf', 4, 0),
(36, 'Guante de nitrilo NSK24 SHOWA ', 'NSK24 ', '10.%20GUANTE%20DE%20PVC%20NSK24%20SHOWA.jpg', '<ul><li>Revestimiento completo\n</li><li>Borde con ribete\n</li><li>Acabado rugoso en toda la superficie\n</li><li>Sin tratamiento\n</li><li>Forma anatómica\n</li><li>Cortado y cosido</li></ul>', 46, 'GUANTES; MANOS; NITRILO', '<b>CARACTERÍSTICAS</b><div><br></div><div><ul><li>Guante flexible con absorción de la sudoración y una buena\n&nbsp;<span style=\"font-size: 1rem;\">resistencia mecánica que resulta muy cómodo para un uso&nbsp;</span><span style=\"font-size: 1rem;\">continuado&nbsp;</span></li><li>Protege la mano frente a aceites, hidrocarburos, grasas y\n&nbsp;<span style=\"font-size: 1rem;\">abrasiones, al tiempo que ofrece un agarre eficaz y sólido&nbsp;</span></li><li>Impermeabilidad para trabajos en entornos húmedos o con\n&nbsp;<span style=\"font-size: 1rem;\">grasa&nbsp;</span></li><li>Superficie que garantiza una mayor sensibilidad y un mejor\n&nbsp;<span style=\"font-size: 1rem;\">agarre&nbsp;</span></li><li>Minimiza el riesgo de alergias\n</li><li>Su diseño facilita los movimientos y el uso continuado\n</li><li>Puño bien protegido</li></ul></div>', '10. GUANTE DE PVC NSK24 SHOWA.pdf', 4, 0),
(37, 'Guante de hilo palma LATEX MULTIFLEX', 'Ninguno', '11. GUANTE DE HILO PALMA LATEX MULTIFLEX STEELPRO.png', 'Guante hecho de Nylon con recubrimiento de látex en la palma y uñas, su acabado corrugado\r&nbsp;<span style=\"font-size: 1rem;\">permite tener un mayor agarre en superficies mojadas. Es un guante de excelente confort, ya&nbsp;</span><span style=\"font-size: 1rem;\">que se adapta muy bien a la forma de la mano con lo que garantiza hacer trabajos de alta&nbsp;</span><span style=\"font-size: 1rem;\">precisión.</span><div><span style=\"font-size: 1rem;\"><br></span></div><div><span style=\"font-size: 1rem;\"><b>DISPONIBLE\r</b></span></div><div><span style=\"font-size: 1rem;\">Amarillo/Negro\r</span></div><div><span style=\"font-size: 1rem;\">Rojo/Negro \r</span></div>', 38, 'GUANTES; MANOS; HILO; LATEX', '<b>APLICACIONES</b><div><br></div><div>Aplicaciones generales para fabricación, manipulación, labores de ensamblaje, trabajos en\r&nbsp;<span style=\"font-size: 1rem;\">bodega y operaciones de maquinarias o herramientas.</span></div><div><span style=\"font-size: 1rem;\"><br></span></div><div><span style=\"font-size: 1rem;\"><b>MATERIALES</b></span></div><div><span style=\"font-size: 1rem;\"><br></span></div><div><ul><li><span style=\"font-size: 1rem;\">Tejido en Nylon\r</span></li><li><span style=\"font-size: 1rem;\">Ribete de Poliéster\r</span></li><li><span style=\"font-size: 1rem;\">Látex Corrugado</span></li></ul></div>', '11. GUANTE DE HILO PALMA LATEX MULTIFLEX STEELPRO.pdf', 4, 0);
INSERT INTO `producto` (`PRODCODIGO`, `PRODNOMBRE`, `PRODCODIGOES`, `PRODIMAGEN`, `PRODPRESENTACION`, `CODMARCA`, `PRODTAGS`, `PRODDESCRIPCION`, `PRODFICHATEC`, `CATCODIGO`, `PRODDESTACADO`) VALUES
(38, 'Guante de hilo palma PU SUPERFLEX', 'CUT5 ', '12. GUANTE DE HILO PALMA PU SUPERFLEX CUT5 CLT.jpg', 'Los guantes de protección SUPER FLEX CUT5 de CLUTE\r&nbsp;<span style=\"font-size: 1rem;\">recubiertos con poliuretano, son guantes de protección&nbsp;</span><span style=\"font-size: 1rem;\">industrial que ofrecen un excelente nivel de protección anti&nbsp;</span><span style=\"font-size: 1rem;\">corte, ideales para proteger a las personas de los procesos\n&nbsp;</span><span style=\"font-size: 1rem;\">proporcionando un excelente agarre, destreza y comodidad.&nbsp;</span><div>Tejido sin costura de HPPE, fibra de vidrio, poliamida y\r&nbsp;<span style=\"font-size: 1rem;\">elastano, de galga N° 13, “estilo de dorso descubierto”&nbsp;</span><span style=\"font-size: 1rem;\">brinda excelente frescura, sensibilidad y flexibilidad&nbsp;&nbsp;</span><span style=\"font-size: 1rem;\">minimizando la fatiga de la mano e incrementando la&nbsp;</span><span style=\"font-size: 1rem;\">productividad.</span></div><div><span style=\"font-size: 1rem;\"><br></span></div><div><span style=\"font-size: 1rem;\"><b>Tallas Disponibles: M - L\r</b></span></div><div><span style=\"font-size: 1rem;\"><br></span></div>', 41, 'GUANTES; MANOS; HILO; PU', '<b>CARACTERÍSTICAS</b><div><br></div><div><ul><li>Diseño ergonómico asegura una máxima comodidad y\r&nbsp;<span style=\"font-size: 1rem;\">minimiza la fatiga de la mano&nbsp;</span></li><li>Posee un excelente agarre en cualquier situación, húmeda y\r&nbsp;<span style=\"font-size: 1rem;\">seca.&nbsp;</span></li><li>Protege la mano de aceites y abrasiones conservando la\r&nbsp;<span style=\"font-size: 1rem;\">elasticidad y la transpirabilidad&nbsp;</span></li><li>Recubrimiento de PU, otorga una excelente resistencia al\r&nbsp;<span style=\"font-size: 1rem;\">corte; nivel 5.&nbsp;</span></li><li>Lavable para facilitar su uso y otorgarle mayor productividad\r&nbsp;<span style=\"font-size: 1rem;\">y durabilidad.&nbsp;</span></li><li>Revestimiento resistente al rasgado.\r</li><li>Calificación de 5 en destreza.\r</li><li>Excelente en la manipulación que requiera un tacto elevado.</li><li>Color: gris moteado/gris\r</li></ul><div><b>APLICACIONES</b></div></div><div><br></div><div><ul><li>Metalurgia\r</li><li>Chapa metálica\r</li><li>Terminaciones - alicatado\r</li><li>Objetos de bordes afilados, Premontaje\r</li><li>Corte de piezas pequeñas secas o ligeramente engrasadas\r</li><li>Vidriería\r</li><li>Corte de piezas secas, pintadas o galvanizadas</li></ul></div>', '12. GUANTE DE HILO PALMA PU SUPERFLEX CUT5 CLT.pdf', 4, 0),
(39, 'Guante de hilo palma PU G60 Nivel 5 anticorte', 'G60', '13. GUANTE DE HILO PALMA PU G60 NIVEL5 ANTICORTE KIMBERLY JACKSON.jpg', 'Los guantes con protección a corte Jackson Safety* G60 Nivel 5 están fabricados con fibras de Dyneema ® (fibra liviana\r&nbsp;<span style=\"font-size: 1rem;\">de polietileno de alto rendimiento fabricada mediante un proceso de bobinado en gel) reforzadas con acero inoxidable y&nbsp;</span><span style=\"font-size: 1rem;\">fibra de vidrio. Estos guantes tienen un cómodo ajuste y brindan la protección ante corte más elevada según el estándar&nbsp;</span><span style=\"font-size: 1rem;\">EN 388. Este producto ofrece un buen agarre en seco y en húmedo. Con el fin de tener una mejor sensibilidad táctil,&nbsp;</span><span style=\"font-size: 1rem;\">tienen un recubrimiento en poliuretano negro delgado. Los guantes cuentan con una banda elástica en el puño o&nbsp;</span><span style=\"font-size: 1rem;\">muñeca con código de colores para identificar la talla y están libres de costuras para mayor comodidad y destreza.</span><div><span style=\"font-size: 1rem;\"><br></span></div><div><span style=\"font-size: 1rem;\"><b>Tallas Disponibles: S-M-L\r</b></span></div>', 44, 'GUANTES; MANOS; HILO; PU', '<b>USOS TIPICOS</b><div><br></div><div>Procesos de fabricación de piezas metálicas. Procesos de fabricación de piezas cerámicas y de vidrio. Procesos de\r&nbsp;<span style=\"font-size: 1rem;\">ensamblado de la industria automotriz. Fabricación y uso de herramientas e instrumentos con filo. Manipulación de materiales y&nbsp;</span><span style=\"font-size: 1rem;\">piezas filosas.</span></div>', '13 GUANTE DE HILO PALMA PU G60 NIVEL5 ANTICORTE KIMBERLY JACKSON.pdf', 4, 0),
(40, 'Guante de hilo palma LATEX G40', 'G40', '14. GUANTE DE HILO PALMA LATEX G40 KIMBERLY JACKSON.jpg', 'Los guantes Jackson Safety* G40 recubiertos de Látex son resistentes a la deslaminación, tienen el nivel de resistencia\r&nbsp;<span style=\"font-size: 1rem;\">al rasgado más alto según el estándar EN 388, son respirables y ofrecen protección contra riesgos por contacto con&nbsp;</span><span style=\"font-size: 1rem;\">superficies calientes. Los guantes cuentan con una banda elástica en el puño o muñeca con código de colores para&nbsp;</span><span style=\"font-size: 1rem;\">identificar la talla, están libres de costuras para mayor comodidad y destreza y cuentan con un tejido de punto de&nbsp;</span><span style=\"font-size: 1rem;\">Poliéster negro que permite esconder la suciedad. Estos guantes no están diseñados para aplicaciones que involucren&nbsp;</span><span style=\"font-size: 1rem;\">exposición directa a productos químicos fuertes o corrosivos.</span>', 44, 'GUANTES; MANOS; HILO; LATEX', '<b>USOS TIPICOS</b><div><br></div><div>Los guantes Jackson Safety* G40 recubiertos de Látex son resistentes a la deslaminación, tienen el nivel de resistencia\r&nbsp;<span style=\"font-size: 1rem;\">al rasgado más alto según el estándar EN 388, son respirables y ofrecen protección contra riesgos por contacto con&nbsp;</span><span style=\"font-size: 1rem;\">superficies calientes. Los guantes cuentan con una banda elástica en el puño o muñeca con código de colores para&nbsp;</span><span style=\"font-size: 1rem;\">identificar la talla, están libres de costuras para mayor comodidad y destreza y cuentan con un tejido de punto de&nbsp;</span><span style=\"font-size: 1rem;\">Poliéster negro que permite esconder la suciedad. Estos guantes no están diseñados para aplicaciones que involucren&nbsp;</span><span style=\"font-size: 1rem;\">exposición directa a productos químicos fuertes o corrosivos.</span></div>', '14. GUANTE DE HILO PALMA LATEX G40 KIMBERLY JACKSON.pdf', 4, 0),
(41, 'Guante de hilo palma NITRILO', 'G40', '15. GUANTE DE HILO PALMA NITRILO G40 KIMBERLY JACKSON.jpg', 'Los guantes de protección Kleenguard* G40 recubiertos con espuma de nitrilo morado, son los guantes de protección general\r&nbsp;<span style=\"font-size: 1rem;\">industrial ideales para proteger a las personas de los procesos, con un excelente nivel de agarre, destreza y comodidad.</span><div><span style=\"font-size: 1rem;\"><br></span></div><div><span style=\"font-size: 1rem;\"><b>Guante de hilo con palma latex 330 marca SHOWA \r</b></span></div><div><span style=\"font-size: 1rem;\"><b>Tallas Disponibles : S – M – L\r</b></span></div><div><span style=\"font-size: 1rem;\"><br></span></div>', 44, 'GUANTES; MANOS; HILO; NITRILO', '<b>CARACTERÍSTICAS</b><div><br></div><div><ul><li>Tejido de Punto de Nylon\r</li></ul></div><div>El guante está fabricado de un tejido de punto de nylon negro sin costuras, que provee comodidad, mejor ajuste, mayor destreza y\r&nbsp;<span style=\"font-size: 1rem;\">respirabilidad al usuario, además de ocultar la suciedad y las manchas. Esto se traduce en una mayor productividad y durabilidad&nbsp;</span><span style=\"font-size: 1rem;\">para el usuario cuando se le compara con otros guantes de protección general, tales como el cuero y la carnaza. Las costuras en&nbsp;</span><span style=\"font-size: 1rem;\">la punta de los dedos, son parte de las razones por las cuales, otros guantes de protección proveen menor destreza y comodidad&nbsp;</span><span style=\"font-size: 1rem;\">al usuario. Estos guantes tienen una banda elástica en la muñeca con código de colores que permite identificar la talla.&nbsp;</span></div><div><span style=\"font-size: 1rem;\"><br></span></div><div><ul><li>Recubrimiento de Espuma de Nitrilo Morado\r</li></ul></div><div>El guante tiene un recubrimiento de espuma de nitrilo morado, que provee una capa con excelente resistencia a la abrasión\r&nbsp;<span style=\"font-size: 1rem;\">(calificación 4 de 4 conforme a la EN388), protección contra líquidos, agarre en seco-húmedo y durabilidad. Este producto no&nbsp;</span><span style=\"font-size: 1rem;\">contiene talco ni látex. El nitrilo morado es un producto exclusivo de Kimberly-Clark, lo cual permite al cliente una fácil identificación&nbsp;</span><span style=\"font-size: 1rem;\">visual de que el producto es de KC.</span></div>', '15. GUANTE DE HILO PALMA NITRILO G40 KIMBERLY JACKSON.pdf', 4, 0),
(42, 'Guante de hilo palma PU', 'G40', '16. GUANTE DE HILO PALMA PU G40 KIMBERLY JACKSON.jpg', 'Los guantes de protección Kleenguard* G40 recubiertos con poliuretano, son los guantes de protección industrial de uso general\r&nbsp;<span style=\"font-size: 1rem;\">ideales para proteger a las personas de los procesos, con un excelente nivel de agarre, destreza y comodidad.&nbsp;</span>', 44, 'GUANTES; MANOS; HILO; PU', '<div><span style=\"font-size: 1rem;\"><b>CARACTERÍSTICAS</b></span><br><span style=\"font-size: 1rem;\"></span></div><div><span style=\"font-size: 1rem;\"><br></span></div><div><ul><li>Tejido de Punto de Nylon\r</li></ul></div><div>El guante está fabricado de un tejido de punto de nylon negro sin costuras, que provee comodidad, mejor ajuste, mayor destreza y\r&nbsp;<span style=\"font-size: 1rem;\">respirabilidad al usuario, además de ocultar la suciedad y las manchas. Esto se traduce en una mayor productividad y durabilidad&nbsp;</span><span style=\"font-size: 1rem;\">para el usuario cuando se le compara con otros guantes de protección general, tales como el cuero y la carnaza. Las costuras en&nbsp;</span><span style=\"font-size: 1rem;\">la punta de los dedos, son parte de las razones por las cuales, otros guantes de protección proveen menor destreza y comodidad&nbsp;</span><span style=\"font-size: 1rem;\">al usuario. Estos guantes tienen una banda elástica en la muñeca con código de colores que permite identificar la talla.&nbsp;</span></div><div><span style=\"font-size: 1rem;\"><br></span></div><div><ul><li>Recubrimiento de Poliuretano\r</li></ul></div><div>El guante tiene un recubrimiento de poliuretano, que provee una capa con buena resistencia a la abrasión y rasgado, protección\r&nbsp;<span style=\"font-size: 1rem;\">contra líquidos, agarre en seco-húmedo y durabilidad. El recubrimiento ofrece la misma sensibilidad táctil de un guante delgado,&nbsp;</span><span style=\"font-size: 1rem;\">pero con la protección de un guante recubierto.&nbsp;</span></div>', '16. GUANTE DE HILO PALMA PU G40 KIMBERLY JACKSON.pdf', 4, 0),
(43, 'Guante de latex dielectrico', 'Ninguno', '17. GUANTE DE LATEX DIELECTRICO REGELTEX.jpg', 'La Gama ELECTROVOLT de guantes aislantes para trabajos bajo tensión\r&nbsp;<span style=\"font-size: 1rem;\">cumple las especificaciones de la norma europea EN 60903:2003 y de la&nbsp;</span><span style=\"font-size: 1rem;\">norma internacional CEI 60903:2002.&nbsp;</span><div>De igual modo, nuestra producción está sometida a un sistema de seguro de\r&nbsp;<span style=\"font-size: 1rem;\">calidad CE de la producción con vigilancia, en aplicación del procedimiento&nbsp;</span><span style=\"font-size: 1rem;\">11b de la directiva 89/686/CEE relativa a los Equipos de Protección&nbsp;</span><span style=\"font-size: 1rem;\">Individual que clasifica los guantes aislantes para trabajos en tensión en&nbsp;</span><span style=\"font-size: 1rem;\">categoría III (riesgos mortales).</span></div><div><span style=\"font-size: 1rem;\"><br></span></div><div><ul><li><span style=\"font-size: 1rem;\"><b>Guante de latex Dielectrico clase 00 – 0 – 1 – 2 – 3 – 4 marca REGELTEX\r</b></span></li><li><span style=\"font-size: 1rem;\"><b>Tallas Disponibles : 9 - 10\r</b></span></li></ul></div>', 47, 'GUANTES; MANOS; LATEX', '<b>PROPIEDADES ESPECIFICAS</b><div><span style=\"font-size: 1rem;\"><br></span></div><div><span style=\"font-size: 1rem;\">Resistencia al ácido :&nbsp;</span><div><div><ul><li>Acondicionamiento de los guantes por inmersión durante 8h a 23 ± 2 °C en una\r&nbsp;<span style=\"font-size: 1rem;\">solución de ácido sulfúrico a 32° Baumé&nbsp;</span></li><li>Los valores de resistencia a la tracción y de alargamiento a la ruptura deben ser por\r&nbsp;<span style=\"font-size: 1rem;\">lo menos iguales en un 75% a los de los guantes no acondicionados.&nbsp;</span></li><li>Los guantes deben superar la prueba a la tensión de prueba y a la tensión de resistencia.\r</li></ul></div><div><br></div><div>Resistencia al aceite :\r</div><div><ul><li>Acondicionamiento por inmersión en el aceite (líquido 102) durante 24 h a 70 ± 2 °C\r</li><li>Los valores de resistencia a la tracción y de alargamiento a la ruptura deben ser por\r&nbsp;<span style=\"font-size: 1rem;\">lo menos iguales en un 50% a los de los guantes no acondicionados.&nbsp;</span></li><li>Los guantes deben superar la prueba a la tensión de prueba y a la tensión de resistencia.\r</li></ul></div><div><br></div><div>Resistencia al ozono :\r</div><div><ul><li>Acondicionamiento de los guantes en un recinto durante 3 h a 40 ± 2°C y a una\r&nbsp;<span style=\"font-size: 1rem;\">concentración de ozono de 1 mg/m3&nbsp;</span></li><li>Los guantes no deben presentar ninguna resquebrajadura\r</li><li>Los guantes deben superar la prueba a la tensión de prueba\r&nbsp;<span style=\"font-size: 1rem;\">y a la tensión de resistencia.&nbsp;</span></li></ul></div><div><span style=\"font-size: 1rem;\"><br></span></div><div>Resistencia a muy bajas temperaturas :\r</div><div><ul><li><span style=\"font-size: 1rem;\">Acondicionamiento de los guantes durante 24 horas a -40 ± 3°C&nbsp;</span></li><li>Las pruebas son satisfactorias no es visible ningún desgarramiento,\r&nbsp;<span style=\"font-size: 1rem;\">ruptura o resquebrajadura después del plegado a nivel de la&nbsp;</span><span style=\"font-size: 1rem;\">muñeca y si los guantes pasan con éxito las pruebas a la tensión&nbsp;</span><span style=\"font-size: 1rem;\">de prueba y a la tensión de resistencia.</span></li></ul></div></div></div>', '17. GUANTE DE LATEX DIELECTRICO REGELTEX.pdf', 4, 0),
(44, 'Guante anti-impacto', 'A722', '18. GUANTE ANTI-IMPACTO A722 PORTWEST.jpg', 'Combinando comodidad, agarre, resistencia a cortes y golpes en un\r&nbsp;<span style=\"font-size: 1rem;\">confortable soporte sin costuras. Flexibles almohadillas de PVC para una&nbsp;</span><span style=\"font-size: 1rem;\">duración máxima. Refuerzo entre el índice y pulgar. Válido para trabajos&nbsp;</span><span style=\"font-size: 1rem;\">duros.</span><div><span style=\"font-size: 1rem;\"><br></span></div><div><span style=\"font-size: 1rem;\"><b>Tallas Disponibles: M – L – XL\r</b></span></div>', 48, 'GUANTES; MANOS', '<b>CARACTERÍSTICAS</b><div><br></div><div><ul><li>Certificado CE\r</li><li>Soporte interior de punto de galga 13 para un perfecto ajuste\r</li><li>Máxima protección contra impactos usando la tecnología de\r&nbsp;<span style=\"font-size: 1rem;\">encapsulado TPR&nbsp;</span></li><li>EN Nivel 5 al corte, la protección suprema\r</li><li>Excelente para los trabajos que requieran alta dexteridad\r</li><li>Cubierta de Nitrilo esponjoso para un excelente agarre en seco y en\r<span style=\"font-size: 1rem;\">mojado&nbsp;</span></li><li>Arco del pulgar reforzado para protección y duración mayores\r</li><li>Tira con cierre autoadherente para un ajuste seguro\r</li><li>Bajo nivel de liberación de fibras, para una mínima contaminación</li></ul></div>', '18. GUANTE ANTI-IMPACTO A722 PORTWEST.pdf', 4, 0),
(45, 'Guante anti-vibración', 'A790', '19. GUANTE ANTI-VIBRACION A790 PORTWEST.jpg', 'Especialmente diseñado para reducir los efectos de impactos y vibraciones.\r<div>Excelentes niveles de confort y dexteridad al usar herramientas eléctricas,\r&nbsp;<span style=\"font-size: 1rem;\">martillos neumáticos, demoledoras de hormigón, etc.</span></div><div><span style=\"font-size: 1rem;\"><br></span></div><div><span style=\"font-size: 1rem;\"><b>Tallas Disponibles: L - XL \r</b></span></div>', 48, 'GUANTES; MANOS', '<b>CARACTERÍSTICAS</b><div><br></div><div><ul><li>Certificado CE\r</li><li>Soporte de punto de galga 10 para dexteridad\r</li><li>Duradero y resistente a impactos\r</li><li>Excelentes resistencias a la abrasión y al rasgado\r</li><li>Etiqueta expositora que ayuda a la presentación para la venta en\r&nbsp;<span style=\"font-size: 1rem;\">tienda&nbsp;</span></li><li>Diseñado especialmente para reducir los efectos de las vibraciones</li></ul></div>', '19. GUANTE ANTI-VIBRACION A790 PORTWEST.pdf', 4, 0),
(46, 'Guante de cuero amarillo con refuerzo en palma', 'GC1-1', '3.%20GUANTE%20DE%20CUERO%20AMARILLO%20CON%20REFUERZO%20EN%20PALMA%20GC1-1.jpg', 'Guantes de cuero de res amarillo con refuerzo en\n&nbsp;<span style=\"font-size: 1rem;\">la palma, dedo índice y pulgar; se utiliza para&nbsp;</span><span style=\"font-size: 1rem;\">proteger al operario contra riesgos mecánicos y&nbsp;</span><span style=\"font-size: 1rem;\">térmicos de nivel medio; permite al usuario&nbsp;</span><span style=\"font-size: 1rem;\">trabajar en condiciones de excelente seguridad.</span>', 49, 'GUANTES; CUERO; MANOS', '<div><b>CARACTERÍSTICAS</b></div><div><b><br></b></div>Guantes de cuero de res amarillo con refuerzo en\n&nbsp;<span style=\"font-size: 1rem;\">la palma, dedo índice y pulgar; se utiliza para&nbsp;</span><span style=\"font-size: 1rem;\">proteger al operario contra riesgos mecánicos y&nbsp;</span><span style=\"font-size: 1rem;\">térmicos de nivel medio; permite al usuario&nbsp;</span><span style=\"font-size: 1rem;\">trabajar en condiciones de excelente seguridad.</span><div><span style=\"font-size: 1rem;\"><br></span></div><div><span style=\"font-size: 1rem;\"><b>APLICACIONES</b></span></div><div><span style=\"font-size: 1rem;\"><br></span></div><div><ul><li><span style=\"font-size: 1rem;\">Manipulación de Objetos Metálicos.\n</span></li><li><span style=\"font-size: 1rem;\">Procesos de altas temperaturas\n</span></li><li><span style=\"font-size: 1rem;\">Manejo de objetos calientes\n</span></li><li><span style=\"font-size: 1rem;\">Trabajo de excavaciones y mantenimiento.\n</span></li><li><span style=\"font-size: 1rem;\">Carga y descarga, manejo de tuberías.</span></li></ul></div>', '3. GUANTE DE CUERO AMARILLO GC1-1 EAGLESS.pdf', 4, 0),
(47, 'Respirador para polvos N95 8210', '8210', '1.%20RESPIRADOR%20N95%208210%203M.jpg', 'El respirador libre de mantenimiento 3M 8210 brinda una\n&nbsp;<span style=\"font-size: 1rem;\">efectiva, confortable e higiénica protección respiratoria&nbsp;</span><span style=\"font-size: 1rem;\">contra polvos y partículas líquidas sin aceite.&nbsp;</span><div>Es fabricado con un Medio Filtrante Electrostático\n</div><div>Avanzado, novedoso sistema de retención de partículas\n&nbsp;<span style=\"font-size: 1rem;\">que permite mayor eficiencia del filtro con menor caida&nbsp;</span><span style=\"font-size: 1rem;\">de presión.&nbsp;</span></div><div>Su forma convexa, el diseño de sus bandas elásticas, la\n&nbsp;<span style=\"font-size: 1rem;\">espuma de sellado y el clip de aluminio para el ajuste a la&nbsp;</span><span style=\"font-size: 1rem;\">nariz aseguran un excelente sello adaptándose a un&nbsp;</span><span style=\"font-size: 1rem;\">amplio rango de tamaños de cara.</span></div>', 33, 'MASCARILLA; RESPIRADOR; POLVOS; N95', '<b>CARACTERÍSTICAS</b><div><br></div><div><ul><li>Cintas elásticas: Elastómero color amarillo\n</li><li>Clip metálico: Aluminio\n</li><li>Elemento filtrante: Tela no tejida de polipropileno\n&nbsp;<span style=\"font-size: 1rem;\">y poliéster.&nbsp;</span></li><li>Peso aprox.: 10g.\n</li><li>Color: Blanco</li></ul></div>', '1. RESPIRADOR PARA POLVOS N95 8210 3M.pdf', 5, 0),
(48, 'Respirador para polvos N95 M920', 'M920', '2.%20RESPIRADOR%20N95%20M920%20STEELPRO.jpg', 'Respirador para material particulado de libre mantenimiento termoformado y termosellado,\n&nbsp;<span style=\"font-size: 1rem;\">diseñado para lograr una mayor comodidad al mismo tiempo que una adecuada protección al&nbsp;</span><span style=\"font-size: 1rem;\">usuario en áreas dónde se requiera obtener confort al respirar. Permite la filtración de materi</span><span style=\"font-size: 1rem;\">al particulado libre de aceites hasta un tamaño de 0.3 μm (micrones) y el uso conjunto con&nbsp;</span><span style=\"font-size: 1rem;\">protección respiratoria, auditiva y visual complementaria.</span>', 38, 'MASCARILLA; RESPIRADOR; POLVOS; N95', '<b>APLICACIONES</b><div><br></div><div>Protección a material particulado de Aerosoles, Neblinas y Humos metálicos (Humos de\n&nbsp;<span style=\"font-size: 1rem;\">Soldadura), libres de partículas oleosas (hasta 0.3 μm / flujo aire: 85 L/min).&nbsp;</span></div><div>Actividades de Construcción, Minería, Mantenimiento, Industria, Alimentos, Tareas de corte,\n&nbsp;<span style=\"font-size: 1rem;\">Lavado, Triturado, Lijado, Pulido, Molienda, Aserrado y Esmerilado.</span></div><div><span style=\"font-size: 1rem;\"><br></span></div><div><span style=\"font-size: 1rem;\"><b>MATERIALES</b></span></div><div><span style=\"font-size: 1rem;\"><br></span></div><div><span style=\"font-size: 1rem;\">Las láminas externas e internas están desarrolladas en poliéster.\n</span></div><div><span style=\"font-size: 1rem;\">La lamina filtrante está desarrollada en fibras de polipropileno tratadas\n&nbsp;</span><span style=\"font-size: 1rem;\">electrostáticamente para mayor nivel de filtración.&nbsp;</span></div><div><span style=\"font-size: 1rem;\">Bandas elásticas de poliéster.</span></div>', '2. RESPIRADOR PARA POLVOS N95 M920 STEELPRO.pdf', 5, 1),
(49, 'Respirador para vapores orgánicos (VO) R95', '8247', '3.%20RESPIRADOR%20R95%208247%203M.jpg', 'El respirador libre de mantenimiento 3M 8247 brinda una\n&nbsp;<span style=\"font-size: 1rem;\">efectiva, confortable e higiénica protección respiratoria&nbsp;</span><span style=\"font-size: 1rem;\">contra polvos, humos y neblinas con o sin aceite.&nbsp;</span><div>Es fabricado con un Medio Filtrante Electrostático\n&nbsp;<span style=\"font-size: 1rem;\">Avanzado, novedoso sistema de retención de partículas que&nbsp;</span><span style=\"font-size: 1rem;\">permite mayor eficiencia del filtro, con menor caída de&nbsp;</span></div><div>presión. Su forma convexa, el diseño de sus bandas elásticas\n&nbsp;<span style=\"font-size: 1rem;\">y el clip de aluminio para el ajuste a la nariz; aseguran un&nbsp;</span><span style=\"font-size: 1rem;\">excelente sello, adaptándose a un amplio rango de tamaños&nbsp;</span></div><div>de cara.\n</div><div>El respirador 3M 8247 ha sido diseñado para trabajar en\n&nbsp;<span style=\"font-size: 1rem;\">áreas donde hay presencia de niveles molestos de vapores&nbsp;</span><span style=\"font-size: 1rem;\">orgánicos porque cuenta con un Medio Filtrante&nbsp;</span><span style=\"font-size: 1rem;\">Removedor de Olores.&nbsp;</span></div>', 38, 'MASCARILLA; RESPIRADOR; VAPORES ORGANICOS', '<b>CARACTERÍSTICAS</b><div><br></div><div><ul><li>Cintas elásticas: Elastómero color blanco\n</li><li>Clip metálico: Aluminio\n</li><li>Elemento filtrante: Tela no tejida de polipropileno\n&nbsp;<span style=\"font-size: 1rem;\">y poliéster. Carbón activado.&nbsp;</span></li><li>Color: Gris&nbsp;</li></ul><div><b>APLICACIONES</b></div></div><div><br></div><div><ul><li>Laboratorios\n</li><li>Agricultura\n</li><li>Petroquímica\n</li><li>Revestimientos (base asfáltica)</li></ul></div>', '3. RESPIRADOR PARA VO R95 8247 3M.pdf', 5, 0),
(50, 'Filtro para polvo', '2091', '4. FILTRO POLVO 2091 3M.jpg', 'Los filtros 3M 2091 usados en la pieza facial Serie 6000 ó\r&nbsp;<span style=\"font-size: 1rem;\">7000 están aprobados para la protección contra polvos y&nbsp;</span><span style=\"font-size: 1rem;\">neblinas con o sin aceite. Son fabricados con un Medio&nbsp;</span><span style=\"font-size: 1rem;\">Filtrante Electrostático Avanzado, novedoso sistema de&nbsp;</span><span style=\"font-size: 1rem;\">retención de partículas que permite mayor eficiencia del&nbsp;</span><span style=\"font-size: 1rem;\">filtro con menor caída de presión.&nbsp;</span><div>Los tres diferentes tamaños de los respiradores permiten un\r&nbsp;<span style=\"font-size: 1rem;\">buen ajuste en distintas configuraciones faciales, su diseño&nbsp;</span><span style=\"font-size: 1rem;\">de bajo perfil le permite ser usado con otros implementos&nbsp;</span><span style=\"font-size: 1rem;\">de seguridad, sus válvulas de exhalación e inhalación extra&nbsp;</span><span style=\"font-size: 1rem;\">grandes permiten tener una menor resistencia a la&nbsp;</span><span style=\"font-size: 1rem;\">respiración, el diseño de estos filtros le atribuyen una\n&nbsp;</span><span style=\"font-size: 1rem;\">mejor distribución del peso unido al respirador, con lo que&nbsp;</span><span style=\"font-size: 1rem;\">se incrementa su comodidad.&nbsp;</span></div><div>El filtro 3M 2091 está diseñado para una máxima\r&nbsp;<span style=\"font-size: 1rem;\">eficiencia de filtrado</span></div>', 33, 'FILTRO; POLVOS', '<b>CARACTERÍSTICAS</b><div><br></div><div><ul><li>Pieza Facial: Polímero sintético\r</li><li>Elemento filtrante: Tela no tejida de polipropileno\r&nbsp;<span style=\"font-size: 1rem;\">y poliéster. Carbón activado.&nbsp;</span></li><li>\r<span style=\"font-size: 1rem;\">Color: Fucsia&nbsp;</span></li><li>Peso aproximado: 10 g.</li></ul><div><b>APLICACIONES</b></div></div><div><br></div><div><ul><li>Exposición a partículas de sustancias especificadas\r&nbsp;<span style=\"font-size: 1rem;\">por OSHA&nbsp;</span></li><li>Reducción de Plomo\r</li><li>Cadmio\r</li><li>Arsénico\r</li><li>Industria farmacéutica</li></ul></div>', '4. FILTRO POLVO 2091 3M.pdf', 5, 0),
(51, 'Filtro para polvo + GA', '2096', '5.%20FILTRO%20GA%202096%203M.jpg', 'Los filtros 3M 2096 usados en la pieza facial Serie 6000 ó\n&nbsp;<span style=\"font-size: 1rem;\">7000 están aprobados para la protección contra polvos y&nbsp;</span><span style=\"font-size: 1rem;\">neblinas con o sin aceite. Son fabricados con un Medio&nbsp;</span><span style=\"font-size: 1rem;\">Filtrante Electrostático Avanzado, novedoso sistema de&nbsp;</span><span style=\"font-size: 1rem;\">retención de partículas que permite mayor eficiencia del&nbsp;</span><span style=\"font-size: 1rem;\">filtro con menor caída de presión.&nbsp;</span><div>Los tres diferentes tamaños de los respiradores permiten un\n&nbsp;<span style=\"font-size: 1rem;\">buen ajuste en distintas configuraciones faciales, su diseño&nbsp;</span></div><div>de bajo perfil le permite ser usado con otros implementos\n&nbsp;<span style=\"font-size: 1rem;\">de seguridad, sus válvulas de exhalación e inhalación extra&nbsp;</span><span style=\"font-size: 1rem;\">grandes permiten tener una menor resistencia a la&nbsp;</span><span style=\"font-size: 1rem;\">respiración, el diseño de estos filtros le atribuyen una\n&nbsp;</span><span style=\"font-size: 1rem;\">mejor distribución del peso unido al respirador, con lo que&nbsp;</span><span style=\"font-size: 1rem;\">se incrementa su comodidad.&nbsp;</span></div><div>El filtro 3M 2096 ha sido diseñado para una eficiencia\n&nbsp;<span style=\"font-size: 1rem;\">máxima de filtrado de partículas y trabajar en áreas donde&nbsp;</span><span style=\"font-size: 1rem;\">hay presencia de niveles molestos de gases ácidos porque&nbsp;</span><span style=\"font-size: 1rem;\">cuenta con un Medio filtrante removedor de olores.</span></div>', 38, 'FILTRO; POLVOS; GASES ACIDOS', '<b>CARACTERÍSTICAS</b><div><br></div><div><ul><li>Pieza Facial: Polímero sintético\n</li><li>Elemento filtrante: Tela no tejida de polipropileno\n&nbsp;<span style=\"font-size: 1rem;\">y poliéster. Carbón activado.&nbsp;</span></li><li>\n<span style=\"font-size: 1rem;\">Color: Fucsia&nbsp;</span></li><li>Peso aproximado: 15 g.</li></ul><div><b>APLICACIONES</b></div></div><div><br></div><div><ul><li>Exposición a partículas de sustancias especificadas\n&nbsp;<span style=\"font-size: 1rem;\">por OSHA&nbsp;</span></li><li>Reducción de Plomo\n</li><li>Cadmio\n</li><li>Arsénico\n</li><li>Industria farmacéutica</li></ul></div>', '5. FILTRO POLVO+GA 2096 3M.pdf', 5, 0),
(52, 'Filtro para polvo + VO + O3', '2097', '6.%20FILTRO%20VO%202097%203M.jpg', 'Los filtros 3M 2097 usados en la pieza facial Serie 6000 ó\n&nbsp;<span style=\"font-size: 1rem;\">7000 están aprobados para la protección contra polvos y&nbsp;</span><span style=\"font-size: 1rem;\">neblinas con o sin aceite. Son fabricados con un Medio&nbsp;</span><span style=\"font-size: 1rem;\">Filtrante Electrostático Avanzado, novedoso sistema de&nbsp;</span><span style=\"font-size: 1rem;\">retención de partículas que permite mayor eficiencia del&nbsp;</span><span style=\"font-size: 1rem;\">filtro con menor caída de presión.&nbsp;</span><div>Los tres diferentes tamaños de los respiradores permiten un\n&nbsp;<span style=\"font-size: 1rem;\">buen ajuste en distintas configuraciones faciales, su diseño&nbsp;</span><span style=\"font-size: 1rem;\">de bajo perfil le permite ser usado con otros implementos&nbsp;</span><span style=\"font-size: 1rem;\">de seguridad, sus válvulas de exhalación e inhalación extra&nbsp;</span><span style=\"font-size: 1rem;\">grandes permiten tener una menor resistencia a la&nbsp;</span><span style=\"font-size: 1rem;\">respiración, el diseño de estos filtros le atribuyen una&nbsp;</span><span style=\"font-size: 1rem;\">mejor distribución del peso unido al respirador, con lo que&nbsp;</span><span style=\"font-size: 1rem;\">se incrementa su comodidad.&nbsp;</span></div><div>El filtro 3M 2097 ha sido diseñado para una eficiencia\n&nbsp;<span style=\"font-size: 1rem;\">máxima de filtrado de partículas y en áreas donde hay&nbsp;</span><span style=\"font-size: 1rem;\">presencia de niveles molestos de vapores orgánicos, porque&nbsp;</span><span style=\"font-size: 1rem;\">cuenta con un Medio filtrante removedor de olores,&nbsp;</span><span style=\"font-size: 1rem;\">recomendado por 3M para la protección contra Ozono&nbsp;</span><span style=\"font-size: 1rem;\">hasta 10 veces el TLV.</span></div>', 38, 'FILTRO; POLVOS; VAPORES ORGANICOS; O3', '<b>CARACTERÍSTICAS</b><div><br></div><div><ul><li>Pieza Facial: Polímero sintético\n</li><li>Elemento filtrante: Tela no tejida de polipropileno\n&nbsp;<span style=\"font-size: 1rem;\">y poliéster. Carbón activado.&nbsp;</span></li><li>\n<span style=\"font-size: 1rem;\">Color: Fucsia&nbsp;</span></li><li><span style=\"font-size: 1rem;\">Peso aproximado: 10 g.</span></li></ul><div><b>APLICACIONES</b></div></div><div><br></div><div><ul><li>Exposición a partículas de sustancias especificadas\n&nbsp;<span style=\"font-size: 1rem;\">por OSHA&nbsp;</span></li><li>Reducción de Plomo\n</li><li>Cadmio, Arsénico\n</li><li>Industria farmacéutica\n</li><li>Soldadura eléctrica\n</li><li>Procesos químicos\n</li><li>Revestimientos (base asfáltica)</li></ul></div>', '6. FILTRO POLVO+VO+O3 2097 3M.pdf', 5, 0),
(53, 'Cartucho para polvo P100', '7093', '7. CARTUCHO 7093 P100 POLVOS 3M.png', 'Los filtros 7093 pueden ser utilizados con los respiradores\r&nbsp;<span style=\"font-size: 1rem;\">7500, 7800, FX FF-400 y Serie 6000 de 3M, a su vez están&nbsp;</span><span style=\"font-size: 1rem;\">aprobados para la protección contra polvos, humos&nbsp;</span><span style=\"font-size: 1rem;\">metálicos y neblinas con o sin aceite.&nbsp;</span><div>El “flujo de aire canalizado” aumenta la vida útil del filtro y\r&nbsp;<span style=\"font-size: 1rem;\">provee mayor seguridad. El aire debe viajar más, por lo que&nbsp;</span><span style=\"font-size: 1rem;\">sólo las partículas muy pequeñas, alcanzan el filtro plegado.&nbsp;</span></div><div>Chispas, líquidos y partículas grandes son desviadas.\r</div><div>Además, el filtro se satura en forma más lenta, debido al\r&nbsp;<span style=\"font-size: 1rem;\">diseño cubierto que excluye a las partículas mayores, y al&nbsp;</span><span style=\"font-size: 1rem;\">hecho de que este filtro posee un 50% más de superficie de&nbsp;</span><span style=\"font-size: 1rem;\">filtración que el antiguo filtro 7093.&nbsp;</span></div><div>La resistencia a la respiración ha sido reducida en\r&nbsp;<span style=\"font-size: 1rem;\">aproximadamente un 25%, de modo de aumentar el comfort&nbsp;</span><span style=\"font-size: 1rem;\">en la respiración.&nbsp;</span></div><div>En cuanto a la forma del filtro, la bayoneta está ubicada\r&nbsp;<span style=\"font-size: 1rem;\">hacia el final de el, de modo que el cuerpo del filtro quede&nbsp;</span><span style=\"font-size: 1rem;\">hacia atrás de la pieza facial.&nbsp;</span></div><div>Todo lo anterior se traduce en un nivel mayor de comodidad\r&nbsp;<span style=\"font-size: 1rem;\">para el usuario, por un período de tiempo más largo.&nbsp;</span></div><div>La nueva cubierta está hecha de una combinación especial\r&nbsp;<span style=\"font-size: 1rem;\">de copolímeros de policarbonato de alto perfomance y&nbsp;</span><span style=\"font-size: 1rem;\">resinas ABS, lo cual le da un aumento a la resistencia a altas&nbsp;</span><span style=\"font-size: 1rem;\">temperaturas.</span></div>', 33, 'CARTUCHO; POLVO', '<b>APLICACIONES</b><div><br></div><div>Exposición a partículas de sustancias especificadas por\r&nbsp;<span style=\"font-size: 1rem;\">OSHA. Algunas aplicaciones o exposiciones industriales&nbsp;</span><span style=\"font-size: 1rem;\">más importantes pueden ser:&nbsp;</span></div><div><ul><li>Humos metálicos de la Soldadura\r</li><li>Cadmio\r</li><li>Arsénico\r</li><li>Asbesto\r</li><li>Industria Minera en general</li></ul></div>', '7. CARTUCHO POLVO P100 7093 3M.pdf', 5, 0),
(54, 'Cartucho para polvo P100 + VO + GA', '7093C', '8.%20CARTUCHO%20P100%20HF%207093C%203M.jpg', 'Los filtros 3M 7093C están aprobados para brindar\n&nbsp;<span style=\"font-size: 1rem;\">protección contra polvos, humos, neblinas con o sin aceite,&nbsp;</span><span style=\"font-size: 1rem;\">Fluoruro de Hidrogeno (Acido Fluorhídrico).&nbsp;</span><div>Pueden ser usados en las piezas faciales de medio rostro o\n&nbsp;<span style=\"font-size: 1rem;\">rostro completo 3M serie 7000 y serie 6000.&nbsp;</span></div><div>Su exclusivo sistema de “flujo de aire canalizado” aumenta\n&nbsp;<span style=\"font-size: 1rem;\">la vida útil del filtro y provee mayor seguridad. Debido a su&nbsp;</span><span style=\"font-size: 1rem;\">diseño, el aire debe viajar más por lo que sólo las partículas&nbsp;</span><span style=\"font-size: 1rem;\">muy pequeñas alcanzan el filtro plegado. Chispas, líquidos y&nbsp;</span><span style=\"font-size: 1rem;\">partículas grandes son desviadas.&nbsp;</span></div><div>Los filtros 3M 7093C duran más, debido al diseño cubierto\n&nbsp;<span style=\"font-size: 1rem;\">que excluye a las partículas mayores, y su mayor superficie&nbsp;</span><span style=\"font-size: 1rem;\">de filtración, que es 1,8 veces mayor a la de los filtros de la&nbsp;</span><span style=\"font-size: 1rem;\">serie 2000.&nbsp;</span></div><div>Además, una nueva tecnología incorporada al filtro otorga\n&nbsp;<span style=\"font-size: 1rem;\">una muy baja resistencia a la respiración, lo que se traduce&nbsp;</span><span style=\"font-size: 1rem;\">en una mayor comodidad al usuario.&nbsp;</span></div><div>En cuanto al campo visual, el conector tipo bayoneta está\n&nbsp;<span style=\"font-size: 1rem;\">ubicado en un extremo del filtro, de modo que al conectarlo&nbsp;</span><span style=\"font-size: 1rem;\">al respirador el cuerpo del filtro queda orientado hacia atrás&nbsp;</span><span style=\"font-size: 1rem;\">de la pieza facial, dejando disponible un mayor campo&nbsp;</span><span style=\"font-size: 1rem;\">visual al usuario.</span></div>', 38, 'CARTUCHO; POLVOS; VAPORES ORGANICOS; GASES ACIDOS', '<b>APLICACIONES</b><div><br></div><div>Exposiciones simultaneas a polvo y bajas\n&nbsp;<span style=\"font-size: 1rem;\">concentraciones(*) de vapores orgánicos y gases ácidos,&nbsp;&nbsp;</span><span style=\"font-size: 1rem;\">Fluoruro de Hidrogeno (Acido Fluorhídrico).&nbsp;</span></div><div>Soldadura, Cadmio, Arsénico, Industria Minera extractiva,\n&nbsp;<span style=\"font-size: 1rem;\">Fundiciones de metales, Desbaste y pegado de gomas y&nbsp;</span><span style=\"font-size: 1rem;\">exposición a partículas de sustancias especificadas por&nbsp;</span><span style=\"font-size: 1rem;\">OSHA&nbsp;</span></div><div>(*) Concentraciones bajo el límite permisible ponderado\n&nbsp;<span style=\"font-size: 1rem;\">(LPP)</span></div>', '8. CARTUCHO POLVO P100+VOGA 7093C 3M.pdf', 5, 0),
(55, 'Cartucho vapores orgánicos (VO)', '6001', '9.%20CARTUCHO%20VO%206001%203M.jpg', 'Los cartuchos 3M 6001 usados en la pieza facial Serie\n&nbsp;<span style=\"font-size: 1rem;\">6000 ó 7000 están aprobados para la protección contra&nbsp;</span><span style=\"font-size: 1rem;\">vapores orgánicos.&nbsp;</span><div>El diseño de estos cartuchos le atribuyen una mejor\n&nbsp;<span style=\"font-size: 1rem;\">distribución del peso unido a la pieza facial, con lo que se&nbsp;</span><span style=\"font-size: 1rem;\">incrementa su comodidad.&nbsp;</span></div><div>La construcción de la base del cartucho permite la\n&nbsp;<span style=\"font-size: 1rem;\">distribución del aire a través de toda la superficie de las&nbsp;</span><span style=\"font-size: 1rem;\">capas de carbono, de tal forma que éste se gasta&nbsp;</span><span style=\"font-size: 1rem;\">uniformemente y a la vez alarga la vida útil del cartucho.</span></div>', 38, 'CARTUCHO; VAPORES ORGANICOS', '<b>CARACTERÍSTICAS</b><div><br></div><div><ul><li>Pieza Facial: Polímero sintético\n</li><li>Elemento filtrante: Carbón activado\n</li><li>Color: Negro</li></ul><div><b>APLICACIONES</b></div></div><div><b><br></b></div><div><ul><li>Exposición a vapores orgánicos de acuerdo a las\n&nbsp;<span style=\"font-size: 1rem;\">especificaciones OSHA&nbsp;</span></li><li>Pinturas disolventes\n</li><li>Pesticidas\n</li><li>Industria petroquímica</li></ul></div>', '9. CARTUCHO VAPORES ORGANICOS 6001 3M.pdf', 5, 0),
(56, 'Cartucho gases acidos (GA)', '6002', '10.%20CARTUCHO%20GA%206002%203M.png', 'Los cartuchos 3M 6002 usados en la pieza facial Serie\n&nbsp;<span style=\"font-size: 1rem;\">6000 ó 7000 están aprobados para la protección contra&nbsp;</span><span style=\"font-size: 1rem;\">gases ácidos.&nbsp;</span><div>El diseño de estos cartuchos le atribuyen una mejor\n&nbsp;<span style=\"font-size: 1rem;\">distribución del peso unido a la pieza facial, con lo que se&nbsp;</span><span style=\"font-size: 1rem;\">incrementa su comodidad.&nbsp;</span></div><div>La construcción de la base del cartucho permite la\n&nbsp;<span style=\"font-size: 1rem;\">distribución del aire a través de toda la superficie de las&nbsp;</span><span style=\"font-size: 1rem;\">capas de carbono, de tal forma que éste se gasta&nbsp;</span><span style=\"font-size: 1rem;\">uniformemente y a la vez alarga la vida útil del cartucho.</span></div>', 38, 'CARTUCHO; GASES ACIDOS', '<b>CARACTERÍSTICAS</b><div><br></div><div><ul><li>Pieza Facial: Polímero sintético\n</li><li>Elemento filtrante: Carbón activado\n</li><li>Color: Blanco</li></ul><div><b>APLICACIONES</b></div></div><div><br></div><div><ul><li>Exposición a gases ácidos de acuerdo a las\n&nbsp;<span style=\"font-size: 1rem;\">especificaciones OSHA&nbsp;</span></li><li>Cloro, cloruro de hidrógeno, dióxido de azufre,\n&nbsp;<span style=\"font-size: 1rem;\">dióxido de cloro, fluoruro de hidrógeno&nbsp;</span></li><li>Procesos de papeleras\n</li><li>Industria petroquímica</li></ul></div>', '10. CARTUCHO GASES ACIDOS 6002 3M.pdf', 5, 0),
(57, 'Cartucho VO + GA', '6003', '11. CARTUUCHO VOGA 6003 3M.png', 'Los cartuchos 3M 6003 usados en la pieza facial Serie\r&nbsp;<span style=\"font-size: 1rem;\">6000 ó 7000 están aprobados para la protección contra&nbsp;</span><span style=\"font-size: 1rem;\">vapores orgánicos y gases ácidos.&nbsp;</span><div>El diseño de estos cartuchos le atribuyen una mejor\r&nbsp;<span style=\"font-size: 1rem;\">distribución del peso unido a la pieza facial, con lo que se&nbsp;</span><span style=\"font-size: 1rem;\">incrementa su comodidad.&nbsp;</span></div><div>La construcción de la base del cartucho permite la\r&nbsp;<span style=\"font-size: 1rem;\">distribución del aire a través de toda la superficie de las&nbsp;</span><span style=\"font-size: 1rem;\">capas de carbono, de tal forma que éste se gasta&nbsp;</span><span style=\"font-size: 1rem;\">uniformemente y a la vez alarga la vida útil del cartucho.</span></div>', 33, 'CARTUCHO; VAPORES ORGANICOS; GASES ACIDOS', '<b>CARACTERÍSTICAS</b><div><br></div><div><ul><li>Pieza Facial: Polímero sintético\r</li><li>Elemento filtrante: Carbón activado\r</li><li>Color: Amarillo</li></ul><div><b style=\"\">APLICACIONES</b></div></div><div><br></div><div><ul><li>Fundiciones\r</li><li>Plantas de concentrado minero\r</li><li>Industria petroquímica</li></ul></div>', '11. CARTUCHO VOGA 6003 3M.pdf', 5, 0),
(58, 'Cartucho amoniaco y metilaminas', '6004', '12. CARTUCHO AMONIACO 6004 3M.png', 'Los cartuchos 3M 6004 usados en la pieza facial Serie\r&nbsp;<span style=\"font-size: 1rem;\">6000 ó 7000 están aprobados para la protección contra&nbsp;</span><span style=\"font-size: 1rem;\">amoniaco y metilaminas.&nbsp;</span><div>El diseño de estos cartuchos le atribuyen una mejor\r&nbsp;<span style=\"font-size: 1rem;\">distribución del peso unido a la pieza facial, con lo que se&nbsp;</span><span style=\"font-size: 1rem;\">incrementa su comodidad.&nbsp;</span></div><div>La construcción de la base del cartucho permite la\r&nbsp;<span style=\"font-size: 1rem;\">distribución del aire a través de toda la superficie de las&nbsp;</span><span style=\"font-size: 1rem;\">capas de carbono, de tal forma que éste se gasta&nbsp;</span><span style=\"font-size: 1rem;\">uniformemente y a la vez alarga la vida útil del cartucho.</span></div>', 33, 'CARTUCHO; AMONIACO', '<b>CARACTERÍSTICAS</b><div><br></div><div><ul><li>Pieza Facial: Polímero sintético\r</li><li>Elemento filtrante: Carbón activado\r</li><li>Color: Verde</li></ul><div><b>APLICACIONES</b></div></div><div><br></div><div><ul><li>Aplicación de fertilizantes\r</li><li>Reparación de equipos de refrigeración\r</li><li>Revelado fotográfico\r</li><li>Imprentas</li></ul></div>', '12. CARTUCHO 6004 AMONIO 3M.pdf', 5, 0),
(59, 'Cartucho multigases', '6006', '13. CARTUCHO MULTIGASES 6006 3M.png', 'Los cartuchos 6006 pueden ser utilizados con los\r&nbsp;<span style=\"font-size: 1rem;\">respiradores 7500, 7800, FX FF-400 y Serie 6000 de 3M, a&nbsp;</span><span style=\"font-size: 1rem;\">su vez brindan una efectiva protección respiratoria contra&nbsp;</span><span style=\"font-size: 1rem;\">ciertos vapores orgánicos, cloro, cloruro de hidrógeno,&nbsp;</span><span style=\"font-size: 1rem;\">dióxido de cloro, dióxido de azufre, sulfuro de hidrógeno&nbsp;</span><span style=\"font-size: 1rem;\">(sólo para escapar), amoníaco/metilamina, formaldehído&nbsp;</span><span style=\"font-size: 1rem;\">(OSHA exige que contra formaldehído se usen antiparras de&nbsp;</span><span style=\"font-size: 1rem;\">seguridad a prueba de gases); o fluoruro de hidrógeno.&nbsp;</span><div>Este Cartucho puede ser utilizado contra los contaminantes\r&nbsp;<span style=\"font-size: 1rem;\">anteriores hasta 10 veces el Límite de exposición permitido&nbsp;</span><span style=\"font-size: 1rem;\">(PEL) con respiradores de medio rostro, o hasta 50 veces&nbsp;</span><span style=\"font-size: 1rem;\">con respiradores de rostro completo.</span></div>', 33, 'CARTUCHO; MULTIGASES', '<b>APLICACIONES</b><div><br></div><div><ul><li>Operaciones de pintado\r</li><li>Industria del acero\r</li><li>Industria del vidrio\r</li><li>Industria Farmacéutica\r</li><li>Agroquímicos\r</li><li>Minería\r</li><li>Alimenticia\r</li><li>Petroquímica\r</li><li>Química</li></ul></div>', '13. CARTUCHO MULTIGASES 6006 3M.pdf', 5, 0),
(60, 'Cartucho multigases ABEK1', '6059', '14. CARTUCHO ABEK1 6059 3M.jpg', 'Los cartuchos multi-gases 3M 6059 están clasificados\r&nbsp;<span style=\"font-size: 1rem;\">como A1B1E1K1 según norma europea, y están diseñados&nbsp;</span><span style=\"font-size: 1rem;\">para ser usados en ambientes donde, previo monitoreo&nbsp;</span><span style=\"font-size: 1rem;\">ambiental para conocer la concentración de contaminantes,&nbsp;</span><span style=\"font-size: 1rem;\">se requiera protección contra vapores orgánicos, gases de&nbsp;</span><span style=\"font-size: 1rem;\">cloro, cloruro de hidrógeno, dióxido de azufre, dióxido de&nbsp;</span><span style=\"font-size: 1rem;\">cloro, amoniaco, metilaminas y fluoruro de hidrógeno.&nbsp;</span><div>Una de sus características es su versatilidad por la\r&nbsp;<span style=\"font-size: 1rem;\">compatibilidad con las piezas faciales elastoméricas 3M&nbsp;</span><span style=\"font-size: 1rem;\">(Series 6000 y 6000DD de media máscara, 6800 de&nbsp;</span><span style=\"font-size: 1rem;\">máscara completa, 7500 de media máscara, 7800S de&nbsp;</span><span style=\"font-size: 1rem;\">máscara completa).&nbsp;</span></div><div>\r</div><div>Igualmente podrán ser usados en combinación con pre-\r<span style=\"font-size: 1rem;\">filtros y filtros 3M, con los consiguientes retenedores o&nbsp;</span><span style=\"font-size: 1rem;\">adaptadores de filtro para material particulado.&nbsp;</span></div><div>El diseño de estos cartuchos permite una mejor\r&nbsp;<span style=\"font-size: 1rem;\">distribución del peso unido a la pieza facial, con lo que se&nbsp;</span><span style=\"font-size: 1rem;\">incrementa la comodidad del usuario.&nbsp;</span></div><div>La construcción de su base permite la distribución del aire\r&nbsp;<span style=\"font-size: 1rem;\">a través de toda la superficie de las capas de carbón, de tal&nbsp;</span><span style=\"font-size: 1rem;\">forma que la saturación del mismo se produce de manera&nbsp;</span><span style=\"font-size: 1rem;\">uniforme, alargando así la vida útil del cartucho y&nbsp;</span><span style=\"font-size: 1rem;\">permitiendo que sea aprovechado al máximo.</span></div>', 33, 'CARTUCHO; MULTIGASES', '<b>APLICACIONES</b><div><br></div><div>Exposición a situaciones donde se presuma o se tenga\r&nbsp;<span style=\"font-size: 1rem;\">certeza de la presencia controlada de los elementos&nbsp;</span><span style=\"font-size: 1rem;\">gaseosos listados en la Descripción de producto (punto&nbsp;</span><span style=\"font-size: 1rem;\">anterior).&nbsp;</span></div><div>Junto con pre-filtros o filtros 3M para material\r&nbsp;<span style=\"font-size: 1rem;\">particulado, se proveerá protección contra polvos,&nbsp;</span><span style=\"font-size: 1rem;\">neblinas y humos en adición a los elementos gaseosos.</span></div>', '14. CARTUCHO MULTIGASES ABEK1 6059 3M.pdf', 5, 0),
(61, 'Respirador media cara', '6200', '15. RESPIRADOR 6200 3M.jpg', 'La pieza facial de la serie 6000 de bajo mantenimiento,\r&nbsp;<span style=\"font-size: 1rem;\">Medio Rostro con filtros reemplazables, posee tres&nbsp;</span><span style=\"font-size: 1rem;\">diferentes tamaños, lo que ayuda a lograr un buen ajuste en&nbsp;</span><span style=\"font-size: 1rem;\">distintas configuraciones faciales. Su diseño de bajo perfil le&nbsp;</span><span style=\"font-size: 1rem;\">permite ser usado con otros implementos de seguridad, sus&nbsp;</span><span style=\"font-size: 1rem;\">válvulas de exhalación e inhalación extra grandes permiten&nbsp;</span><span style=\"font-size: 1rem;\">tener una menor resistencia a la respiración, el diseño de sus&nbsp;</span><span style=\"font-size: 1rem;\">cartuchos le permiten una mejor distribución del peso lo que&nbsp;</span><span style=\"font-size: 1rem;\">la hace aún más cómoda.</span>', 33, 'RESPIRADOR', '<b>APLICACIONES</b><div><br></div><div><ul><li>Operaciones de soldadura\r</li><li>Industria del aluminio\r</li><li>Industria del acero\r</li><li>Industria del vidrio\r</li><li>Industria Farmacéutica Agroquímicos\r</li><li>Minería\r</li><li>Alimenticia\r</li><li>Petroquímica\r</li><li>Química</li></ul></div>', '15. RESPIRADOR MEDIA CARA 6200 3M.pdf', 5, 0);
INSERT INTO `producto` (`PRODCODIGO`, `PRODNOMBRE`, `PRODCODIGOES`, `PRODIMAGEN`, `PRODPRESENTACION`, `CODMARCA`, `PRODTAGS`, `PRODDESCRIPCION`, `PRODFICHATEC`, `CATCODIGO`, `PRODDESTACADO`) VALUES
(62, 'Respirador media cara silicona', '7502', '16. RESPIRADOR 7502 3M.jpg', 'La pieza facial de la serie 7500 de Medio Rostro con filtros\r&nbsp;<span style=\"font-size: 1rem;\">y cartuchos reemplazables, posee tres diferentes tamaños, lo&nbsp;</span><span style=\"font-size: 1rem;\">que ayuda a lograr un buen ajuste en distintas&nbsp;</span><span style=\"font-size: 1rem;\">configuraciones faciales. Su nuevo material de silicona&nbsp;</span><span style=\"font-size: 1rem;\">thermoset, brinda un excelente sello en el rostro, además de&nbsp;</span><span style=\"font-size: 1rem;\">poseer una mayor resistencia a altas temperaturas y&nbsp;</span><span style=\"font-size: 1rem;\">condiciones de trabajo extremas.&nbsp;</span><div>El nuevo diseño de la válvula de Keystone reduce la\r&nbsp;<span style=\"font-size: 1rem;\">acumulación de calor, humedad y CO2 al interior del&nbsp;</span><span style=\"font-size: 1rem;\">respirador, al expeler rápidamente el aire exhalado: la&nbsp;</span><span style=\"font-size: 1rem;\">inhalación siguiente contendrá mayor cantidad de aire&nbsp;</span><span style=\"font-size: 1rem;\">fresco. Además, el flujo de exhalación hacia abajo reduce la&nbsp;</span><span style=\"font-size: 1rem;\">posibilidad de empañamiento de lentes o caretas faciales.&nbsp;</span></div><div>El arnés de Keystone tiene un diseño ergonómicamente\r&nbsp;<span style=\"font-size: 1rem;\">mejorado, el cual reduce la tensión sobre la nariz, además de&nbsp;</span><span style=\"font-size: 1rem;\">poder ser usado en la modalidad Drop Down.</span></div>', 33, 'RESPIRADOR', '<b>APLICACIONES</b><div><br></div><div><ul><li>Operaciones de soldadura\r</li><li>Industria del aluminio\r</li><li>Industria del acero\r</li><li>Industria del vidrio\r</li><li>Industria Farmacéutica\r</li><li>Agroquímicos\r</li><li>Minería\r</li><li>Alimenticia\r</li><li>Petroquímica\r</li><li>Química</li></ul></div>', '16. RESPIRADOR MEDIA CARA SILICONA 7502 3M.pdf', 5, 0),
(63, 'Respirador cara completa', '6800', '17. RESPIRADOR CARA COMPLETA 6800 3M.jpg', 'El Respirador Rostro Completo de la serie 6000 brinda una\r&nbsp;<span style=\"font-size: 1rem;\">excelente y efectiva protección cuando se utiliza de acuerdo&nbsp;</span><span style=\"font-size: 1rem;\">con las instrucciones de colocación y se utilizan los criterios&nbsp;</span><span style=\"font-size: 1rem;\">de selección adecuados para filtros y cartuchos. Es liviano y&nbsp;</span><span style=\"font-size: 1rem;\">posee un buen balance de peso al ser usado con filtros y/o&nbsp;</span><span style=\"font-size: 1rem;\">cartuchos.&nbsp;</span><div>El material de la pieza facial es suave e hipoalergénico.\r</div><div>Posee una copa nasal interna que evita el empañamiento del\r&nbsp;<span style=\"font-size: 1rem;\">visor. El visor permite un amplio campo visual, es de&nbsp;</span><span style=\"font-size: 1rem;\">policarbonato altamente resistente a impactos y a radiación&nbsp;</span><span style=\"font-size: 1rem;\">ultravioleta (UV), por lo cual entrega una excelente&nbsp;</span><span style=\"font-size: 1rem;\">protección ocular. Además posee una cubierta protectora del&nbsp;</span><span style=\"font-size: 1rem;\">visor que reduce la posibilidad de ralladuras y por ende&nbsp;</span><span style=\"font-size: 1rem;\">extiende su vida útil.&nbsp;</span></div>', 33, 'RESPIRADOR', '<b>APLICACIONES</b><div><br></div><div><ul><li>Operaciones de soldadura\r</li><li>Operaciones de pintado\r</li><li>Industria del acero\r</li><li>Industria del vidrio\r</li><li>Industria Farmacéutica\r</li><li>Agroquímicos\r</li><li>Minería\r</li><li>Alimenticia\r</li><li>Petroquímica\r</li><li>Química</li></ul></div>', '17. RESPIRADOR CARA COMPLETA 6800 3M.pdf', 5, 0),
(64, 'Adaptador para filtro', '502', '18. ADAPTADOR 502 3M.jpg', '<div>Elaborado en polipropileno, se utiliza para fijar el filtro 7093 a los cartuchos de la serie\r&nbsp;<span style=\"font-size: 1rem;\">6000, 7000.</span></div>', 33, 'ADAPTADOR', '<b>DETALLES</b><div><br></div><div><ul><li>Adaptador 3M 502 para combinar los cartuchos de la serie 6000 con filtros de la serie 2000 y filtro 7093 y 7093C.\r</li><li>Los adaptadores de filtro de partículas aumentan el alcance de las aplicaciones potenciales\r.\r</li><li>Componente del sistema aprobado por 3M</li></ul></div>', '18. ADAPTADOR PARA FILTRO MODELO 502 3M.pdf', 5, 0),
(65, 'Retenedor', '501', '19. RETENEDOR 501 3M.jpg', 'El retenedor 501 de 3M es usado para acoplar y asegurar los filtros 5N11 en la parte superior de los cartuchos 3M de la serie 6000. En conjunto con el filtro 5N11 y los cartuchos de la serie 6000 brinda una efectiva e higiénica protección respiratoria contra polvos y partículas líquidas sin aceite, gases y vapores.', 33, 'RETENEDOR', '<b>DETALLES</b><div><br></div><div><ul><li>El retenedor 501 de 3M es utilizado para sujetar el prefiltro 5N11 a los cartuchos de la Serie 6000.\r</li><li>Color blanco transparente\r</li><li>Aprobado como parte del sistema para respiradores serie 6000 y sus filtros</li></ul></div>', '19. RETENDOR 501 3M.pdf', 5, 0),
(66, 'Prefiltro para partículas', '5N11', '20. FILTRO 5N11 3M.jpg', 'El prefiltro 3M 5N11 brinda una efectiva e higiénica\r&nbsp;<span style=\"font-size: 1rem;\">protección respiratoria contra aerosoles sólidos y líquidos&nbsp;</span><span style=\"font-size: 1rem;\">sin aceite. Es fabricado con un Medio Filtrante&nbsp;</span><span style=\"font-size: 1rem;\">Electrostático Avanzado, novedoso sistema de retención de&nbsp;</span><span style=\"font-size: 1rem;\">partículas que permite mayor eficiencia del filtro con menor&nbsp;</span><span style=\"font-size: 1rem;\">caída de presión. El prefiltro 5N11 cuenta con un Medio&nbsp;</span><span style=\"font-size: 1rem;\">filtrante antitaponamiento y su novedosa construcción&nbsp;</span><span style=\"font-size: 1rem;\">permite la reducción al mínimo del desprendimiento de&nbsp;</span><span style=\"font-size: 1rem;\">fibras, logrando excelentes resultados cuando es utilizado en&nbsp;</span><span style=\"font-size: 1rem;\">procesos de pintura.</span>', 33, 'PREFILTRO', '<b>APLICACIONES</b><div><br></div><div><ul><li>Triturado\r</li><li>Lijado\r</li><li>Aserrado\r</li><li>Carpintería\r</li><li>Aplicación Pesticidas\r</li><li>Cementos\r</li><li>Construcción\r</li><li>Minería\r</li><li>Alimenticia\r</li><li>Pintura en spray</li></ul></div>', '20. PREFILTRO POLVO 5N11 3M.pdf', 5, 0),
(67, 'Traje descartable', 'Ninguno', '1. TRAJE DESCARTABLE MACROGUARD.jpg', 'Nuestro buzo desechable modelo MACROGUARD, es el\r&nbsp;<span style=\"font-size: 1rem;\">nuevo miembro de la familia de la marca CLUTE en ropa de&nbsp;</span><span style=\"font-size: 1rem;\">protección. Los buzos de esta línea son de uso limitado e&nbsp;</span><span style=\"font-size: 1rem;\">ideales para ser utilizados en ambientes no peligrosos donde&nbsp;</span><span style=\"font-size: 1rem;\">pueden proteger a las personas de la penetración de la&nbsp;</span><span style=\"font-size: 1rem;\">suciedad, mugre, partículas, salpicaduras químicas o&nbsp;</span><span style=\"font-size: 1rem;\">derrames.</span><div><span style=\"font-size: 1rem;\"><br></span></div><div><span style=\"font-size: 1rem;\"><b>Traje Descartable tipo 5/6 contra Polvo y salpicaduras\r</b></span></div><div><span style=\"font-size: 1rem;\"><br></span></div>', 50, 'TRAJE', '<b>CARACTERÍSTICAS</b><div><br></div><div><ul><li>Fabricados con la tecnología SFL (Spunbond Film Laminated)\r&nbsp;<span style=\"font-size: 1rem;\">o Film Microporoso Laminado.&nbsp;</span></li><li>Composición: Fibra no tejida de polipropileno PP (60%) y\r&nbsp;<span style=\"font-size: 1rem;\">polietileno PE (40%). La capa interna es polipropileno no tejido,&nbsp;</span><span style=\"font-size: 1rem;\">la cual otorga una combinación de suavidad, durabilidad,&nbsp;</span><span style=\"font-size: 1rem;\">resistencia al desgarro y protección. La capa externa es un&nbsp;</span><span style=\"font-size: 1rem;\">recubrimiento de una película laminada de polietileno, que&nbsp;</span><span style=\"font-size: 1rem;\">otorga protección contra líquidos y partículas bajo presión.&nbsp;</span></li><li><span style=\"font-size: 1rem;\">Ofrece un bajo nivel de generación o desprendimiento de&nbsp;</span><span style=\"font-size: 1rem;\">pelusas, lo que lo hace ideal en aplicaciones donde este&nbsp;</span><span style=\"font-size: 1rem;\">atributo es crítico.&nbsp;</span></li><li>Cuenta con un tratamiento laminado respirable, permitiendo la\r&nbsp;<span style=\"font-size: 1rem;\">evapotranspiración, regulando la temperatura corporal y&nbsp;</span><span style=\"font-size: 1rem;\">evitando el estrés térmico.</span></li></ul></div>', '1. TRAJE DESCARTABLE MACROGUARD.pdf', 8, 0),
(68, 'Traje descartable', 'A40', '2. TRAJE DESCARTABLE A40.jpg', 'Los trajes Kleenguard* A40 son de uso limitado y están diseñados para brindar protección ante aerosoles líquidos, spray,\r&nbsp;<span style=\"font-size: 1rem;\">y salpicaduras leves, donde el riesgo de exposición química está definida como Bajo Riesgo. Esta aprobado como un&nbsp;</span><span style=\"font-size: 1rem;\">producto de Diseño Complejo (Categoría 3), ofreciendo protección para los niveles especificados por el Tipo 6&nbsp;</span><span style=\"font-size: 1rem;\">(Salpicaduras Limitadas) y Tipo 5 (Partículas), según el comité de normalización Europeo.</span><div><span style=\"font-size: 1rem;\"><br></span></div><div><span style=\"font-size: 1rem;\"><b>Traje Descartable tipo 5/6 contra Polvo y salpicaduras\r</b></span></div>', 44, 'TRAJE; DESCARTABLE', '<b>CARACTERÍSTICAS</b><div><br></div><div>Los trajes Kleenguard* A40 están elaborados con la tecnología SFL* (Spunbond Film Laminated o Film microporoso\r&nbsp;<span style=\"font-size: 1rem;\">Laminado). La capa interna está hecha con fibras no tejidas de polipropileno, la cual está especialmente diseñada para&nbsp;</span><span style=\"font-size: 1rem;\">proveer una combinación de suavidad, fortaleza, durabilidad y protección. La capa externa es un recubrimiento de&nbsp;</span><span style=\"font-size: 1rem;\">spunbond con una película laminada de polietileno, el cual proporciona protección limitada contra salpicaduras y 99%&nbsp;</span><span style=\"font-size: 1rem;\">de retención de partículas de más de 1 micra. Adicionalmente, la capa externa laminada permite un bajo nivel de&nbsp;</span><span style=\"font-size: 1rem;\">generación de pelusa, haciendo que el traje sea recomendable en aplicaciones donde este atributo es crítico&nbsp;</span><span style=\"font-size: 1rem;\">(preparación de superficies, aplicación de pintura, entre otras).&nbsp;</span></div><div>.\r</div><div>El traje cumple con la norma EN 1149-1 de trajes antiestáticos. Según esto, las partículas no son atraídas hacía el\r&nbsp;<span style=\"font-size: 1rem;\">material, haciendo que permanezca limpio y respirable por más tiempo; además previene la generación de chispas por&nbsp;</span><span style=\"font-size: 1rem;\">descargas que pueden actuar como fuentes de ignición para incendios o explosiones en ambientes con altas&nbsp;</span><span style=\"font-size: 1rem;\">concentración de vapores combustibles. Todos los componentes del traje son libres de silicona, lo cual es un atributo&nbsp;</span><span style=\"font-size: 1rem;\">importante para aplicaciones con pintura y superficies sensibles. A continuación se resumen las propiedades físicas de la&nbsp;</span><span style=\"font-size: 1rem;\">tela y del traje.</span></div>', '2. TRAJE DESCARTABLE A 40 KLEENGUARD KIMBERLY.pdf', 8, 0),
(69, 'Traje descartable confort bc con cinta reflectiva MICROGARD', '1800', '3.%20TRAJE%20DESCARTABLE%201800%20BC.jpg', 'MICROGARD® 1800 COMFORT BC (Bi-Color) Ha sido\n&nbsp;<span style=\"font-size: 1rem;\">específicamente diseñado para aquellos que&nbsp;</span><span style=\"font-size: 1rem;\">trabajan en climas cálidos o en entornos de trabajo&nbsp;</span><span style=\"font-size: 1rem;\">con altas temperaturas para ayudar a reducir el&nbsp;</span><span style=\"font-size: 1rem;\">riesgo de estrés por calor. Las áreas críticas para la parte delantera de la prenda (incluyendo la capucha, brazos y&nbsp;</span><div>piernas) son MICROGARD® 1800 que proporciona al usuario protección contra líquidos\n&nbsp;<span style=\"font-size: 1rem;\">químicos de bajo peligro y protección contra partículas.&nbsp;</span></div><div>El torso es MICROGARD® 1500 que es permeable al aire y al vapor de agua. Este panel\n&nbsp;<span style=\"font-size: 1rem;\">permite el flujo de aire dentro del traje aumentando la comodidad del usuario. Resultado de&nbsp;</span><span style=\"font-size: 1rem;\">permeabilidad de aire según EN ISO 9237 de 160l/m2&nbsp;</span><span style=\"font-size: 1rem;\">.s&nbsp;</span></div><div>\n</div><div>Las costuras unidas aseguran buena protección frente a liquidos y partículas en todo el traje.</div>', 45, 'TRAJE; DESCARTABLE', '<b>CARACTERÍSTICAS Y VENTAJAS</b><div><br><div><ul><li><span style=\"font-size: 1rem;\"><b>Protección&nbsp;</b>- Capucha, piernas y brazos entela MICROGARD® 1800&nbsp;</span></li><li><b>Comodidad&nbsp;</b>- Permeable al aire y al vapor de agua (\"respirable\") para\n&nbsp;<span style=\"font-size: 1rem;\">ayudar a reducir el riesgo de estrés por calor.</span></li><li><b>Sin silicona&nbsp;</b>- Critico en aplicaciones de pintado con aerosoles\n</li></ul></div><div><ol><li>Capucha de 3 piezas\n</li><li>Elasticado encapucha, puños, cintura y tobillos\n</li><li>Cremallera con doble cierre y solapa con adhesivo\n</li><li>Torso entela respirable</li><li>Cinta reflectiva para mejor visibilidad</li></ol></div></div>', '3. TRAJE DESCARTABLE 1800 CONFORT BC MICROGARD ANSELL.pdf', 8, 0),
(70, 'Traje descartable TYV', 'CHF5S ', '4. TRAJE DESCARTABLE TYV CHF5S DUPONT.jpg', '<div>Overol con gorro de color blanco desechable e impermeable, Sistema de cierre con cremallera frontal, solapa sobre la cremallera y ajuste elástico en muñecas, cintura y tobillos.</div><b><div><b><br></b></div>Traje Descartable tipo 5/6 contra Polvo y salpicaduras</b>', 52, 'TRAJE; DESCARTABLE', '<b>DESCRIPCIÓN DE LA TELA</b><div><br></div><div>Tyvek® es un material único de poliolefina (100% polietileno de alta densidad HDPE) no tejida construida con tecnología flashspun. El peso de la tela es de 41 g/m2 y tiene tratamiento antiestático. Resistente a la penetración de partículas sólidas, aerosoles y salpicadura de líquidos. Es química y biológicamente inerte. Presenta bajo deshilachamiento y posee tratamiento antiestático. Ofrece una barrera inherente contra partículas de hasta 0.5 micras. La protección está integrada en el tejido; no posee películas o laminados que puedan sufrir abrasión o desprenderse</div>', '4. TRAJES DESCARTABLE DUPONT TYV CHF5S SIN CUBREBOTAS.pdf', 8, 0),
(71, 'Traje descartable', 'Ninguno', '5. TRAJE DESCARTABLE STEELPRO.jpg', '<div>Los buzos descartables STEELPRO brindan a los usuarios protección contra macropartículas\r</div><div>que se adhieren a la piel con el tiempo genera enfermedades cancerígenas. Resistente a\r</div><div>partículas sólidas, repelente a salpicaduras.</div><div><br></div><div><b>Traje Descartable tipo 5/6 contra Polvo y salpicaduras</b></div>', 38, 'TRAJE; DESCARTABLE', '<b>CARACTERÍSTICAS</b><div><br></div><div><ul><li>Confeccionado en tela no tejida de 50 gramos, compuesta de 3 capas:\r</li><li>Primera capa de 100% Polietileno, película respirable de 20 gramos.\r</li><li>Segunda capa de recubrimiento termo fusible adhesiva de 2 gramos.\r</li><li>Tercera capa de 100% Polipropileno de 28 gramos.\r</li><li>Buena Resistencia química.\r</li><li>Alta Tenacidad y elongación para evitar desgarros.\r</li><li>Tecnología con tratamiento laminado respirable, que permite la evaporación de la\r&nbsp;<span style=\"font-size: 1rem;\">transpiración y presenta buen comportamiento como regulador de la temperatura&nbsp;</span><span style=\"font-size: 1rem;\">corporal.&nbsp;</span></li><li>Tela laminada microporosa SF50 de 50 g/m2</li></ul></div>', '5. TRAJE DESCARTABLE STEELPRO.pdf', 8, 0),
(72, 'Traje de protección', 'A70', '6. TRAJE PROTECCION A70.jpg', 'Los trajes Kleenguard* A70 de protección contra químicos bajo presión son los trajes de uso limitado ideales para\r&nbsp;<span style=\"font-size: 1rem;\">proteger a las personas de la penetración de químicos líquidos peligrosos, inclusive bajo presión (mangueras, spray,&nbsp;</span><span style=\"font-size: 1rem;\">atomizadores, etc.), y partículas al cuerpo del usuario.</span><div><span style=\"font-size: 1rem;\"><br></span></div><div><span style=\"font-size: 1rem;\"><b>Traje Descartable tipo 4/5/6 contra Polvo y salpicaduras\r</b></span></div><div><span style=\"font-size: 1rem;\"><br></span></div>', 44, 'TRAJE', '<b>CARACTERÍSTICAS</b><div><br></div><div><ul><li>El Material\r</li></ul></div><div>Los trajes Kleenguard*A70 están fabricados con la tecnología SFL (Spunbond Film Laminated), o Film Microporoso\r&nbsp;<span style=\"font-size: 1rem;\">Laminado. La capa interna esta hecha con fibras no tejidas de polipropileno acolchadas las cuales estás especialmente&nbsp;</span><span style=\"font-size: 1rem;\">diseñada para proveer una combinación de comodidad, suavidad, fortaleza, durabilidad y protección. La capa externa es&nbsp;</span><span style=\"font-size: 1rem;\">un recubrimiento del spunbond con una película laminada de polietileno, el cual le permite al traje ofrecer protección&nbsp;</span><span style=\"font-size: 1rem;\">contra químicos líquidos bajo presión y un 100% de retención de partículas. En conjunto, ambas capas hacen que el&nbsp;</span><span style=\"font-size: 1rem;\">material sea más suave y silencioso, haciendo que se genere menos ruido para el usuario. El traje cumple con la norma NFPA&nbsp;</span><span style=\"font-size: 1rem;\">99 de materiales antiestáticos, lo cual evita que las partículas sean atraídas hacía el material, haciendo que permanezca&nbsp;</span><span style=\"font-size: 1rem;\">limpio por más tiempo, además previene la generación de chispas por descargas que pueden actuar como fuentes de&nbsp;</span><span style=\"font-size: 1rem;\">ignición para incendios o explosiones en ambientes con altas concentración de vapores combustibles.</span></div><div><span style=\"font-size: 1rem;\"><br></span></div><div><ul><li><span style=\"font-size: 1rem;\">Diseño\r</span></li></ul></div><div><span style=\"font-size: 1rem;\">Los trajes Kleenguard*A70 tienen el diseño patentado Reflex*, el cual tiene 12% más de espacio en el pecho y es 6%\r&nbsp;</span><span style=\"font-size: 1rem;\">más de largo en las extremidades que el diseño tradicional de tallas ANSI. Esto hace que el traje permita movimientos&nbsp;</span><span style=\"font-size: 1rem;\">más amplios al usuario y reduce en 7 1⁄2 veces la probabilidad de romperse.</span></div><div><span style=\"font-size: 1rem;\"><br></span></div><div><ul><li><span style=\"font-size: 1rem;\">Modelo\r</span></li></ul></div><div><span style=\"font-size: 1rem;\">Los trajes Kleenguard*A70 tienen capucha con ajuste para mascarillas, cremallera frontal impermeable, solapa\r&nbsp;</span><span style=\"font-size: 1rem;\">encintada, elástico en las manillas y tobillos.</span></div>', '6. TRAJE PROTECCION A70 KLEENGUARD.pdf', 8, 0),
(73, 'Mandil descartable', 'Ninguno', '7. MANDIL DESCARTABLE R&G.jpg', 'Mandil de visita largo (nivel por debajo de\r&nbsp;<span style=\"font-size: 1rem;\">las rodillas) descartable, con cuello V, con&nbsp;</span><span style=\"font-size: 1rem;\">cierre frontal tipo pega-pega, no tiene bolsillos,&nbsp;</span><span style=\"font-size: 1rem;\">de manga larga con elástico en las muñecas&nbsp;</span><span style=\"font-size: 1rem;\">para un mayor ajuste y protección, su diseño&nbsp;</span><span style=\"font-size: 1rem;\">impide la transferencia de agentes&nbsp;</span><span style=\"font-size: 1rem;\">contaminantes.&nbsp;</span><div>Elaborado con material que permite una\r&nbsp;<span style=\"font-size: 1rem;\">perfecta ventilación, tiene alta resistencia&nbsp;</span><span style=\"font-size: 1rem;\">mecánica (desgarro o ruptura), baja&nbsp;</span><span style=\"font-size: 1rem;\">flamabilidad, repelencia a líquidos y con alto&nbsp;</span><span style=\"font-size: 1rem;\">nivel de respirabilidad, no se deshilacha ni&nbsp;</span><span style=\"font-size: 1rem;\">despeluza, no tóxico, hipo-alergénico, no&nbsp;</span></div><div>irritante cutáneo ni ocular y apto para el\r&nbsp;<span style=\"font-size: 1rem;\">contacto alimentario.&nbsp;</span></div><div>Nuestros procesos están certificados bajo\r</div><div>las normas ISO 13485:2016 e ISO 9001:2015.</div>', 53, 'MANDIL', '<b>USOS</b><div><br></div><div>Industria alimentaria, farmacéutica,\r&nbsp;<span style=\"font-size: 1rem;\">laboratorios, clínicas, hospitales, agroindustria&nbsp;</span><span style=\"font-size: 1rem;\">y otras industrias que lo requieran.</span></div>', '7. MANDIL DESCARTABLE R&G.pdf', 8, 0),
(74, 'Manga protectora descartable', 'Ninguno', '8. MANGA PROTECTORA DESCARTABLE R&G.jpg', 'Mangas protectoras descartables, con\r&nbsp;<span style=\"font-size: 1rem;\">elástico para un mayor ajuste en la muñeca y el&nbsp;</span><span style=\"font-size: 1rem;\">codo, brindan protección contra salpicaduras&nbsp;</span><span style=\"font-size: 1rem;\">de fluidos y sólidos, usados como barrera física&nbsp;</span><div>para evitar la transferencia de agentes\r&nbsp;<span style=\"font-size: 1rem;\">contaminantes.&nbsp;</span></div><div>Son flexibles, cómodas, manejables,\r&nbsp;<span style=\"font-size: 1rem;\">impermeables, de un solo uso, ambidiestros y&nbsp;</span><span style=\"font-size: 1rem;\">de fácil utilización.&nbsp;</span></div><div>Utilizamos tecnología d2w para la\r&nbsp;<span style=\"font-size: 1rem;\">fabricación de plásticos inteligentes de vida útil&nbsp;</span><span style=\"font-size: 1rem;\">controlada OXO-BIODEGRADABLE, con lo&nbsp;</span><span style=\"font-size: 1rem;\">cual el plástico desaparecerá más rápido del&nbsp;</span><span style=\"font-size: 1rem;\">medio ambiente, reduciendo así la&nbsp;</span><span style=\"font-size: 1rem;\">contaminación. Están certificados para uso en&nbsp;</span><span style=\"font-size: 1rem;\">contacto directo con alimentos, conforme a la&nbsp;</span><span style=\"font-size: 1rem;\">Directiva de la Unión Europea N°2002/72/EC y&nbsp;</span><span style=\"font-size: 1rem;\">la Ley de Reglamentos US FFDC (FDA-USA).&nbsp;</span></div><div>Nuestros procesos están certificados bajo\r</div><div>las normas ISO 13485:2016 e ISO 9001:2015.</div>', 53, 'MANGA; DESECHABLE', '<b>USOS</b><div><br></div><div>Industria Alimentaria, Restaurantes,\r&nbsp;<span style=\"font-size: 1rem;\">Agroindustria, oficinas y otras industrias que lo&nbsp;</span><span style=\"font-size: 1rem;\">requieran.</span></div>', '8. MANGA PROTECTORA DESCARTABLE R&G.pdf', 8, 0),
(75, 'Gorro toca descartable blanco', 'Ninguno', '9. GORRO TOCA DESCARTABLE R&G.jpg', 'Toca tipo tira descartable con elástico de\r&nbsp;<span style=\"font-size: 1rem;\">dos ligas en el borde para un buen ajuste y&nbsp;</span><span style=\"font-size: 1rem;\">cobertura total del cabello, cumple con la&nbsp;</span><span style=\"font-size: 1rem;\">función de evitar que el cabello entre en&nbsp;</span><span style=\"font-size: 1rem;\">contacto con el producto, su diseño impide la&nbsp;</span><span style=\"font-size: 1rem;\">transferencia de agentes contaminantes físicos.&nbsp;</span><div>Elaborado con material que permite una\r&nbsp;<span style=\"font-size: 1rem;\">perfecta ventilación, tiene alta resistencia&nbsp;</span><span style=\"font-size: 1rem;\">mecánica (desgarro o ruptura), baja&nbsp;</span><span style=\"font-size: 1rem;\">flamabilidad, repelencia a líquidos, no se&nbsp;</span></div><div>\r<span style=\"font-size: 1rem;\">deshilacha ni despeluza, no tóxico, hipo-&nbsp;</span><span style=\"font-size: 1rem;\">alergénico, no irritante cutáneo ni ocular y apto&nbsp;</span><span style=\"font-size: 1rem;\">para el contacto alimentario.&nbsp;</span></div><div>Nuestros procesos están certificados bajo\r</div><div>las normas ISO 13485:2016 e ISO 9001:2015.</div>', 53, 'GORRA; DESCARTABLE', '<b>USOS</b><div><br></div><div>Industria Alimentaria, Farmacéutica,\r&nbsp;<span style=\"font-size: 1rem;\">Laboratorios, Hospitales, Centros de Estética y&nbsp;</span><span style=\"font-size: 1rem;\">Sector Cosmiatra, y otras Industrias que lo&nbsp;</span><span style=\"font-size: 1rem;\">requieran.</span></div>', '9. GORRO TOCA DESCARTABLE BLANCO R&G.pdf', 8, 0),
(76, 'Cubre calzado descartable blanco', 'Ninguno', '10. CUBRE CALZADO DESCARTABLE BLANCO R&G.png', 'Cubre zapatos descartable antideslizante,\r&nbsp;<span style=\"font-size: 1rem;\">ambidiestro, con elástico en los bordes para un&nbsp;</span><span style=\"font-size: 1rem;\">mejor ajuste, presenta una superficie&nbsp;</span><span style=\"font-size: 1rem;\">antideslizante en la base, su diseño impide la&nbsp;</span><span style=\"font-size: 1rem;\">transferencia de agentes físicos. Ofrece&nbsp;</span><span style=\"font-size: 1rem;\">protección contra riesgos menores, se&nbsp;</span><span style=\"font-size: 1rem;\">recomienda utilizar siempre con calzado.&nbsp;</span><div>Elaborado con material que permite una\r&nbsp;<span style=\"font-size: 1rem;\">perfecta ventilación, tiene alta resistencia&nbsp;</span><span style=\"font-size: 1rem;\">mecánica (desgarro o ruptura), baja&nbsp;</span><span style=\"font-size: 1rem;\">flamabilidad, repelencia a líquidos, no se&nbsp;</span></div><div>\r<span style=\"font-size: 1rem;\">deshilacha ni despeluza, no tóxico, hipo-&nbsp;</span><span style=\"font-size: 1rem;\">alergénico, no irritante cutáneo ni ocular.&nbsp;</span></div><div>\r</div><div>Nuestros procesos están certificados bajo\r</div><div>las normas ISO 13485:2016 e ISO 9001:2015.</div>', 53, 'CUBRE CALZADO; DESCARTABLE', '<b>USOS</b><div><br></div><div>Industria Alimentaria, Farmacéutica,\r&nbsp;<span style=\"font-size: 1rem;\">Laboratorios, Clínica, Hospitales, Guarderías,&nbsp;</span><span style=\"font-size: 1rem;\">Agroindustrias y otras Industrias que lo&nbsp;</span><span style=\"font-size: 1rem;\">requieran.</span></div>', '10. CUBRE CALZADO DESCARTABLE BLANCO R&G.pdf', 8, 0);

-- --------------------------------------------------------

--
-- Estructura de tabla para la tabla `registrocambios`
--

CREATE TABLE `registrocambios` (
  `REGCODIGO` int(11) NOT NULL COMMENT 'CÓDIGO DEL REGISTRO DE CAMBIOS',
  `REGFECHA_CREACION` date NOT NULL COMMENT 'FECHA DE CREACIÓN DEL CAMPO',
  `REGFECHA_MODIFICACION` date NOT NULL COMMENT 'FECHA DE MODIFICACIÓN DEL CAMPO',
  `USUACODIGO` int(11) NOT NULL COMMENT 'CÓDIGO DEL USUARIO'
) ENGINE=MyISAM DEFAULT CHARSET=utf8;

--
-- Volcado de datos para la tabla `registrocambios`
--

INSERT INTO `registrocambios` (`REGCODIGO`, `REGFECHA_CREACION`, `REGFECHA_MODIFICACION`, `USUACODIGO`) VALUES
(1, '2019-04-18', '2019-04-18', 1);

-- --------------------------------------------------------

--
-- Estructura de tabla para la tabla `slider`
--

CREATE TABLE `slider` (
  `SLDRCODIGO` int(11) NOT NULL COMMENT 'CÓDIGO SLIDER',
  `SLDRNOMBRE` varchar(50) NOT NULL COMMENT 'NOMBRE DEL SLIDER',
  `SLDRDESCRIPCION` varchar(200) NOT NULL COMMENT 'DESCRIPCION DEL SLIDER',
  `SLDRIMAGEN` varchar(200) NOT NULL COMMENT 'RUTA DE LA IMAGEN DEL SLIDER'
) ENGINE=MyISAM DEFAULT CHARSET=utf8;

--
-- Volcado de datos para la tabla `slider`
--

INSERT INTO `slider` (`SLDRCODIGO`, `SLDRNOMBRE`, `SLDRDESCRIPCION`, `SLDRIMAGEN`) VALUES
(34, 'EQUIPOS QUE PROTEGEN TU VIDA', 'Tenemos los mejores productos para garantizar tu cuidado.', 'ES-FrontEnd/Elementos/Imagenes/Slider/PORTADA ES FB.png');

-- --------------------------------------------------------

--
-- Estructura de tabla para la tabla `usuario`
--

CREATE TABLE `usuario` (
  `USUACODIGO` int(11) NOT NULL COMMENT 'CÓDIGO DEL USUARIO',
  `USUANOMBRE` varchar(30) NOT NULL COMMENT 'NOMBRE DE LA PERSONA',
  `USUAAPELLIDO` varchar(30) NOT NULL COMMENT 'APELLIDO DE LA PERSONA',
  `USUAUSER` varchar(20) NOT NULL COMMENT 'NOMBRE DEL USUARIO',
  `USUAPASSWORD` varchar(20) NOT NULL COMMENT 'CONTRASEÑA DEL USUARIO',
  `USUAIMAGEN` varchar(200) NOT NULL COMMENT 'RUTA DE LA IMAGEN DEL USUARIO',
  `USUAESTADO` varchar(15) NOT NULL COMMENT 'ESTADO DEL USUARIO',
  `USUAACCESO` varchar(15) NOT NULL COMMENT 'NIVEL DEL ACCESO DEL USUARIO'
) ENGINE=MyISAM DEFAULT CHARSET=utf8;

--
-- Volcado de datos para la tabla `usuario`
--

INSERT INTO `usuario` (`USUACODIGO`, `USUANOMBRE`, `USUAAPELLIDO`, `USUAUSER`, `USUAPASSWORD`, `USUAIMAGEN`, `USUAESTADO`, `USUAACCESO`) VALUES
(1, 'Angy', 'Chapa', 'micha', 'micha123', '-', 'ACTIVO', 'ADMINISTRADOR');

--
-- Índices para tablas volcadas
--

--
-- Indices de la tabla `categoria`
--
ALTER TABLE `categoria`
  ADD PRIMARY KEY (`CATCODIGO`);

--
-- Indices de la tabla `componente1-presentacion`
--
ALTER TABLE `componente1-presentacion`
  ADD PRIMARY KEY (`C1CODIGO`);

--
-- Indices de la tabla `componente2-adicional`
--
ALTER TABLE `componente2-adicional`
  ADD PRIMARY KEY (`C2CODIGO`);

--
-- Indices de la tabla `componentes`
--
ALTER TABLE `componentes`
  ADD PRIMARY KEY (`COMPCODIGO`);

--
-- Indices de la tabla `configuracion`
--
ALTER TABLE `configuracion`
  ADD PRIMARY KEY (`CONFIGCODIGO`);

--
-- Indices de la tabla `contactanos`
--
ALTER TABLE `contactanos`
  ADD PRIMARY KEY (`CONTACCODIGO`);

--
-- Indices de la tabla `informacion`
--
ALTER TABLE `informacion`
  ADD PRIMARY KEY (`INFEMPCODIGO`),
  ADD KEY `FK_INFORMACION` (`REGCODIGO`);

--
-- Indices de la tabla `marca`
--
ALTER TABLE `marca`
  ADD PRIMARY KEY (`MARCCODIGO`);

--
-- Indices de la tabla `nosotros`
--
ALTER TABLE `nosotros`
  ADD PRIMARY KEY (`NOSTCODIGO`),
  ADD KEY `FK_NOSOTROS` (`REGCODIGO`);

--
-- Indices de la tabla `paleta-colores`
--
ALTER TABLE `paleta-colores`
  ADD PRIMARY KEY (`COLORCODIGO`);

--
-- Indices de la tabla `producto`
--
ALTER TABLE `producto`
  ADD PRIMARY KEY (`PRODCODIGO`);

--
-- Indices de la tabla `registrocambios`
--
ALTER TABLE `registrocambios`
  ADD PRIMARY KEY (`REGCODIGO`),
  ADD KEY `FK_REGISTROCAMBIOS` (`USUACODIGO`);

--
-- Indices de la tabla `slider`
--
ALTER TABLE `slider`
  ADD PRIMARY KEY (`SLDRCODIGO`) USING BTREE;

--
-- Indices de la tabla `usuario`
--
ALTER TABLE `usuario`
  ADD PRIMARY KEY (`USUACODIGO`);

--
-- AUTO_INCREMENT de las tablas volcadas
--

--
-- AUTO_INCREMENT de la tabla `categoria`
--
ALTER TABLE `categoria`
  MODIFY `CATCODIGO` int(11) NOT NULL AUTO_INCREMENT COMMENT 'CÓDIGO DE LA CATEGORÍA', AUTO_INCREMENT=13;

--
-- AUTO_INCREMENT de la tabla `componente1-presentacion`
--
ALTER TABLE `componente1-presentacion`
  MODIFY `C1CODIGO` int(11) NOT NULL AUTO_INCREMENT COMMENT 'CODIGO DEL COMPONENTE 1', AUTO_INCREMENT=2;

--
-- AUTO_INCREMENT de la tabla `componentes`
--
ALTER TABLE `componentes`
  MODIFY `COMPCODIGO` int(11) NOT NULL AUTO_INCREMENT COMMENT 'CODIGO DEL COMPONENTE', AUTO_INCREMENT=2;

--
-- AUTO_INCREMENT de la tabla `contactanos`
--
ALTER TABLE `contactanos`
  MODIFY `CONTACCODIGO` int(11) NOT NULL AUTO_INCREMENT COMMENT 'CÓDIGO DEL REGISTRO DE PETICIÓN DE CONTACTO', AUTO_INCREMENT=19;

--
-- AUTO_INCREMENT de la tabla `marca`
--
ALTER TABLE `marca`
  MODIFY `MARCCODIGO` int(11) NOT NULL AUTO_INCREMENT COMMENT 'CÓDIGO DE LA MARCA', AUTO_INCREMENT=54;

--
-- AUTO_INCREMENT de la tabla `paleta-colores`
--
ALTER TABLE `paleta-colores`
  MODIFY `COLORCODIGO` int(11) NOT NULL AUTO_INCREMENT, AUTO_INCREMENT=11;

--
-- AUTO_INCREMENT de la tabla `producto`
--
ALTER TABLE `producto`
  MODIFY `PRODCODIGO` int(11) NOT NULL AUTO_INCREMENT COMMENT 'CODIGO DEL PRODUCTO', AUTO_INCREMENT=77;

--
-- AUTO_INCREMENT de la tabla `slider`
--
ALTER TABLE `slider`
  MODIFY `SLDRCODIGO` int(11) NOT NULL AUTO_INCREMENT COMMENT 'CÓDIGO SLIDER', AUTO_INCREMENT=37;
COMMIT;

/*!40101 SET CHARACTER_SET_CLIENT=@OLD_CHARACTER_SET_CLIENT */;
/*!40101 SET CHARACTER_SET_RESULTS=@OLD_CHARACTER_SET_RESULTS */;
/*!40101 SET COLLATION_CONNECTION=@OLD_COLLATION_CONNECTION */;
